Fecha,Delegación,Clave INEGI AGEE,Código Penal Federal (CPF)_Delitos contra la salud_ Producción,Código Penal Federal (CPF)_Delitos contra la salud_Transporte,Código Penal Federal (CPF)_Delitos contra la salud_Tráfico,Código Penal Federal (CPF)_Delitos contra la salud_Comercio,Código Penal Federal (CPF)_Delitos contra la salud_Suministro,Código Penal Federal (CPF)_Delitos contra la salud_Posesión,Código Penal Federal (CPF)_Delitos contra la salud_Otros,Código Penal Federal (CPF)_Cometidos por Servidores Públicos,Código Penal Federal (CPF)_Contra el Ambiente y la Gestión Ambiental,Código Penal Federal (CPF)_Contra la integridad corporal,Código Penal Federal (CPF)_Electorales,Código Penal Federal (CPF)_En Materia de Derechos de Autor,"Código Penal Federal (CPF)_Falsedad, Título Décimo Tercero",Código Penal Federal (CPF)_Patrimoniales,Código Penal Federal (CPF)_Vías de Comunicación y Correspondencia,Código Penal Federal (CPF)_Otros Delitos del CPF,Código Fiscal de la Federación (CFF),Ley de la Propiedad Industrial (LPI),Ley de Vías Generales de Comunicación (LVGC),Ley Federal del Derecho de Autor (LFDA),Ley Federal de Armas de Fuego y Explosivos (LFAFE),Ley de Migración (LM),Ley General de Salud (LGS)_Contra la salud en su modalidad de Narcomenudeo,Ley General de Salud (LGS)_Otros delitos previstos en la LGS,Ley Federal Contra la Delincuencia Organizada (LFCDO)_Contra la salud,Ley Federal Contra la Delincuencia Organizada (LFCDO)_Otros delitos previstos en la LFCDO,"Leyes de Instituciones de Crédito, Inversión, Fianzas y Seguros",Otras Leyes Especiales
2015-01,AGUASCALIENTES,1,0,0,0,0,0,3,6,0,1,0,3,1,9,4,0,3,9,3,0,0,10,0,1,0,0,6,5,18
2015-01,BAJA CALIFORNIA,2,8,3,0,25,0,27,2,11,1,1,13,1,26,69,0,22,5,3,0,1,113,7,99,3,0,0,6,18
2015-01,BAJA CALIFORNIA SUR,3,4,1,0,6,0,8,1,1,3,0,3,0,2,4,0,4,0,0,0,0,8,0,2,0,0,0,1,3
2015-01,CAMPECHE,4,0,0,0,0,0,0,0,1,1,0,0,0,4,5,0,7,1,5,4,0,7,4,1,0,0,0,0,1
2015-01,COAHUILA,5,6,4,0,2,0,1,1,16,1,0,2,1,3,18,1,24,8,1,1,1,42,0,1,1,0,1,0,36
2015-01,COLIMA,6,0,0,0,1,0,0,3,4,0,0,2,3,9,12,0,6,0,3,1,0,15,0,1,1,0,1,0,6
2015-01,CHIAPAS,7,1,10,0,2,0,6,1,9,14,0,16,0,7,14,0,11,10,1,14,0,23,16,12,1,0,0,1,10
2015-01,CHIHUAHUA,8,2,4,0,1,0,16,3,9,4,0,10,2,7,74,2,29,22,1,0,0,53,0,8,1,0,2,1,9
2015-01,DISTRITO FEDERAL,9,1,1,0,6,0,3,12,49,5,1,15,15,225,308,4,114,47,94,11,0,62,0,8,0,1,14,75,75
2015-01,DURANGO,10,3,0,0,0,0,0,0,8,2,3,3,0,4,8,1,7,3,0,1,0,13,0,0,0,0,2,1,4
2015-01,GUANAJUATO,11,1,2,0,4,0,16,2,10,0,1,10,1,8,122,3,18,2,1,4,6,75,0,4,3,0,2,2,12
2015-01,GUERRERO,12,0,2,0,5,0,10,10,5,1,0,6,1,45,23,55,14,1,0,15,0,49,0,0,0,0,8,0,12
2015-01,HIDALGO,13,0,0,0,2,0,1,1,3,3,0,0,0,2,64,0,8,9,0,2,1,24,0,1,0,0,2,1,3
2015-01,JALISCO,14,0,0,0,2,0,48,12,20,5,3,11,0,13,145,5,22,12,25,2,2,111,0,22,3,0,4,16,44
2015-01,MÉXICO,15,1,0,0,5,0,13,6,12,4,0,12,3,9,173,1,47,11,21,24,0,91,1,8,2,0,15,5,38
2015-01,MICHOACÁN,16,2,2,0,3,0,31,17,55,5,7,24,2,10,44,3,33,19,12,0,0,87,0,5,2,0,4,2,5
2015-01,MORELOS,17,0,0,0,0,0,2,0,9,2,0,3,0,3,12,1,9,0,0,2,0,43,0,4,0,1,0,2,6
2015-01,NAYARIT,18,0,0,0,0,0,2,2,5,2,4,4,0,1,4,0,11,3,0,1,0,12,0,0,1,0,0,0,2
2015-01,NUEVO LEÓN,19,0,6,0,1,0,13,1,21,0,0,3,1,8,38,0,9,10,23,0,0,39,0,1,1,0,4,2,11
2015-01,OAXACA,20,4,3,0,3,1,2,5,7,9,1,4,3,9,38,0,9,1,0,52,0,82,6,17,0,0,0,0,5
2015-01,PUEBLA,21,6,1,0,0,0,0,2,4,4,1,7,3,3,99,1,10,0,2,4,1,35,1,8,1,0,0,1,8
2015-01,QUERÉTARO,22,0,1,0,1,0,4,0,5,0,0,1,0,3,46,0,7,1,4,1,1,23,0,2,1,0,0,6,3
2015-01,QUINTANA ROO,23,0,0,0,1,0,1,9,5,3,0,7,0,1,13,1,2,9,3,0,0,8,0,4,1,0,0,0,2
2015-01,SAN LUIS POTOSÍ,24,1,10,0,0,0,3,0,3,2,0,4,4,3,10,1,10,8,0,0,6,32,0,0,0,0,0,0,7
2015-01,SINALOA,25,4,3,1,2,0,24,4,7,2,0,6,0,3,167,0,9,7,0,2,1,67,0,19,1,0,3,3,16
2015-01,SONORA,26,7,11,0,0,0,35,22,10,1,1,55,3,7,31,6,25,45,3,4,2,48,2,27,7,0,0,4,15
2015-01,TABASCO,27,0,2,0,0,0,0,0,8,0,0,3,0,5,17,2,19,0,0,1,0,5,5,4,0,0,1,0,6
2015-01,TAMAULIPAS,28,0,0,0,5,0,43,0,29,0,14,2,1,6,167,3,46,11,1,0,4,153,9,0,0,0,11,0,78
2015-01,TLAXCALA,29,0,0,0,0,0,0,0,5,2,0,3,0,1,11,0,9,5,0,3,0,10,1,10,2,0,0,0,5
2015-01,VERACRUZ,30,1,1,0,0,0,1,1,30,3,1,19,5,7,106,15,52,12,1,7,5,41,6,9,7,0,1,2,41
2015-01,YUCATÁN,31,0,1,0,0,0,5,0,11,5,0,0,0,24,8,0,6,1,1,2,0,5,0,6,2,0,1,5,7
2015-01,ZACATECAS,32,0,0,0,0,0,2,1,1,0,0,6,2,1,23,1,2,2,0,0,0,7,0,0,0,0,0,0,23
2015-01,EXTRANJERO,33,0,0,0,0,0,0,0,0,0,1,0,0,3,2,0,1,0,0,0,0,0,0,0,0,0,0,1,3
2015-02,AGUASCALIENTES,1,0,0,0,0,0,5,9,0,0,0,0,1,3,5,0,7,9,5,2,14,6,1,1,1,0,3,0,20
2015-02,BAJA CALIFORNIA,2,0,7,0,27,0,41,1,18,1,0,1,3,24,118,1,9,7,4,0,0,91,10,67,1,0,1,5,25
2015-02,BAJA CALIFORNIA SUR,3,3,1,0,3,0,4,0,2,1,0,0,0,0,13,0,6,7,0,0,0,11,0,4,0,0,1,0,1
2015-02,CAMPECHE,4,0,0,0,1,0,0,2,4,4,0,0,0,2,8,1,9,0,0,2,0,1,1,2,0,0,0,0,0
2015-02,COAHUILA,5,6,1,0,9,0,2,0,7,0,1,0,5,1,18,0,28,5,3,2,2,29,2,3,2,0,10,0,32
2015-02,COLIMA,6,0,0,0,0,0,2,3,6,0,0,0,0,10,10,0,6,5,3,0,0,14,0,2,1,0,1,0,6
2015-02,CHIAPAS,7,6,7,1,1,0,1,4,9,7,0,2,0,6,16,2,15,9,1,11,1,18,14,12,3,0,0,0,18
2015-02,CHIHUAHUA,8,2,5,0,0,0,17,0,19,0,1,3,0,11,85,0,22,17,1,1,0,70,3,10,1,0,2,4,14
2015-02,DISTRITO FEDERAL,9,0,3,1,7,0,9,19,64,4,2,6,13,327,381,10,161,82,117,3,3,79,1,6,3,0,19,97,78
2015-02,DURANGO,10,1,0,0,1,0,0,0,4,3,0,0,0,0,15,3,6,2,0,0,0,26,0,0,0,0,1,0,9
2015-02,GUANAJUATO,11,0,1,0,2,0,10,4,6,1,0,4,1,16,183,1,29,18,11,16,6,70,1,4,9,0,1,5,22
2015-02,GUERRERO,12,0,1,0,3,0,15,7,8,3,1,3,0,13,18,41,23,2,2,7,0,55,0,0,0,0,23,0,18
2015-02,HIDALGO,13,0,0,0,0,0,0,0,6,10,0,1,1,13,61,5,7,12,1,3,0,22,0,0,0,0,0,0,3
2015-02,JALISCO,14,0,1,0,1,0,61,7,16,4,5,9,0,24,132,1,23,15,41,1,3,111,0,4,2,0,5,14,63
2015-02,MÉXICO,15,1,4,0,2,0,7,3,9,8,1,35,6,16,168,1,46,11,22,2,1,77,2,11,0,0,10,6,46
2015-02,MICHOACÁN,16,0,1,0,7,0,41,24,33,7,4,4,2,12,36,4,24,16,1,1,0,74,0,9,1,0,2,1,21
2015-02,MORELOS,17,0,0,0,0,0,3,0,7,5,0,2,0,7,25,0,10,0,2,2,0,40,0,7,0,0,1,0,18
2015-02,NAYARIT,18,2,0,1,0,0,1,4,5,4,5,0,1,1,5,0,6,2,0,0,0,10,0,0,0,0,0,0,8
2015-02,NUEVO LEÓN,19,0,5,2,0,0,7,0,23,1,0,1,0,5,38,1,10,25,34,0,0,22,6,16,1,0,0,1,11
2015-02,OAXACA,20,0,4,0,2,0,2,1,4,6,0,0,2,3,23,1,11,3,1,35,0,47,12,14,1,0,0,3,6
2015-02,PUEBLA,21,10,0,0,1,0,0,1,1,5,0,30,4,6,134,0,11,1,7,6,0,37,2,4,1,0,1,2,15
2015-02,QUERÉTARO,22,0,5,0,1,0,3,1,2,0,0,0,0,3,41,0,6,1,6,0,0,13,0,5,0,0,0,4,4
2015-02,QUINTANA ROO,23,0,2,0,1,0,0,3,2,3,1,4,0,1,14,0,7,6,2,0,0,4,0,2,2,0,0,0,6
2015-02,SAN LUIS POTOSÍ,24,0,7,0,1,1,5,5,10,6,0,1,1,6,30,2,18,6,0,1,5,40,1,0,0,0,0,0,15
2015-02,SINALOA,25,4,9,0,4,0,27,9,13,5,3,1,1,4,140,1,10,2,1,0,0,88,0,15,1,0,5,3,16
2015-02,SONORA,26,3,10,0,4,0,40,31,9,2,1,12,0,8,34,0,24,57,0,3,2,58,13,24,10,0,6,2,16
2015-02,TABASCO,27,0,0,0,0,0,0,1,4,3,0,3,1,1,31,0,23,1,0,0,0,8,2,3,0,0,0,0,1
2015-02,TAMAULIPAS,28,0,0,0,4,0,69,0,15,0,6,3,2,5,130,1,57,11,0,1,8,244,11,0,0,0,9,1,65
2015-02,TLAXCALA,29,0,0,0,0,0,0,0,6,2,0,1,1,5,14,0,3,0,2,4,0,8,1,4,1,0,1,0,11
2015-02,VERACRUZ,30,0,2,0,0,0,0,7,8,7,0,3,3,6,133,40,56,13,1,14,1,38,5,19,7,0,2,1,23
2015-02,YUCATÁN,31,0,1,0,0,0,5,0,9,14,3,4,2,5,8,0,2,4,2,2,0,3,0,5,2,0,0,2,7
2015-02,ZACATECAS,32,0,1,0,0,0,2,1,4,0,0,1,6,5,9,0,3,1,1,1,1,14,1,1,2,0,2,2,13
2015-02,EXTRANJERO,33,0,0,0,0,0,0,0,0,0,1,0,0,0,0,0,3,0,0,0,0,0,0,0,0,0,0,0,4
2015-03,AGUASCALIENTES,1,0,1,0,0,0,3,5,0,0,0,0,0,3,9,0,13,5,3,0,5,7,0,1,0,0,1,3,21
2015-03,BAJA CALIFORNIA,2,0,6,0,22,0,28,0,11,6,0,4,3,33,65,5,9,21,3,1,1,83,11,52,2,0,1,7,31
2015-03,BAJA CALIFORNIA SUR,3,1,0,0,7,0,3,0,2,4,0,0,0,4,2,0,6,3,0,0,0,14,0,1,0,0,1,0,1
2015-03,CAMPECHE,4,0,2,0,0,0,0,0,1,2,0,0,0,6,9,1,7,0,1,2,0,6,1,1,0,0,2,0,1
2015-03,COAHUILA,5,5,1,0,3,1,4,1,2,1,0,2,1,1,22,0,16,9,4,0,0,22,3,0,2,0,1,0,25
2015-03,COLIMA,6,4,0,0,1,1,2,8,17,1,0,0,2,4,22,0,6,2,3,0,0,13,0,1,2,0,0,0,11
2015-03,CHIAPAS,7,0,6,4,4,0,3,0,12,11,1,2,0,15,14,2,19,17,2,14,0,19,18,13,0,0,3,2,16
2015-03,CHIHUAHUA,8,8,2,0,0,0,18,2,16,2,3,3,3,7,138,2,35,19,2,2,2,58,4,8,2,0,0,4,11
2015-03,DISTRITO FEDERAL,9,0,0,0,5,0,12,21,63,2,4,11,16,204,270,7,148,61,82,3,1,71,1,10,2,0,26,76,53
2015-03,DURANGO,10,5,0,0,0,0,5,1,9,1,3,2,1,1,18,1,2,1,0,0,0,19,0,0,0,0,0,2,8
2015-03,GUANAJUATO,11,0,1,0,4,0,13,4,5,0,0,2,3,9,166,10,23,5,2,8,8,87,0,7,6,0,4,4,16
2015-03,GUERRERO,12,1,5,0,13,0,9,8,10,2,0,0,0,6,23,29,26,1,1,0,0,59,0,0,0,0,6,0,24
2015-03,HIDALGO,13,0,0,0,0,0,0,0,2,6,0,0,1,9,52,3,13,2,3,8,0,26,1,2,3,0,0,1,2
2015-03,JALISCO,14,2,0,0,2,0,52,6,18,4,2,4,0,16,117,1,11,11,24,1,6,119,0,1,0,0,8,14,64
2015-03,MÉXICO,15,1,1,0,3,1,8,5,13,7,2,6,2,10,274,2,50,12,25,18,0,108,1,10,4,0,17,8,53
2015-03,MICHOACÁN,16,1,5,0,2,0,24,21,29,8,2,3,1,10,39,2,40,20,2,0,0,67,0,3,1,0,8,4,13
2015-03,MORELOS,17,0,0,0,0,0,3,0,5,4,0,0,1,4,29,1,15,7,0,3,0,27,0,6,0,0,0,2,18
2015-03,NAYARIT,18,1,3,0,1,0,0,6,7,4,0,1,0,0,3,0,21,2,0,2,0,10,0,2,4,0,0,1,2
2015-03,NUEVO LEÓN,19,1,6,0,2,0,12,9,44,2,0,1,0,5,31,1,7,17,7,1,0,46,7,6,0,0,6,8,7
2015-03,OAXACA,20,1,3,0,0,0,3,4,4,10,2,7,0,1,47,7,7,4,0,21,0,74,2,12,2,0,1,0,7
2015-03,PUEBLA,21,3,0,0,0,1,0,2,6,4,3,11,2,7,124,2,32,6,6,16,0,56,2,6,0,0,0,5,15
2015-03,QUERÉTARO,22,2,3,0,2,0,6,5,2,0,0,0,2,7,33,1,11,3,4,0,1,15,0,1,2,0,0,6,5
2015-03,QUINTANA ROO,23,0,1,0,0,0,1,5,2,11,0,1,4,4,30,0,4,9,2,0,0,6,0,2,3,0,1,0,6
2015-03,SAN LUIS POTOSÍ,24,0,8,0,1,0,2,2,5,3,0,2,4,2,15,0,6,3,3,1,0,36,2,0,0,0,1,0,4
2015-03,SINALOA,25,10,9,0,3,0,29,12,11,2,2,0,0,4,108,2,8,8,0,2,3,77,0,26,0,2,4,1,10
2015-03,SONORA,26,3,12,0,3,0,55,26,3,5,1,28,0,5,38,4,28,46,0,1,0,82,13,33,8,0,2,0,13
2015-03,TABASCO,27,0,0,0,0,0,0,0,4,1,0,0,0,2,32,0,14,1,1,1,0,5,3,4,0,0,0,1,4
2015-03,TAMAULIPAS,28,0,0,0,6,0,65,2,42,0,9,1,0,11,177,2,34,13,0,0,7,213,11,0,0,0,21,3,77
2015-03,TLAXCALA,29,0,0,0,0,0,0,1,12,4,1,0,1,5,11,0,5,0,1,2,0,10,2,12,10,0,0,1,5
2015-03,VERACRUZ,30,1,1,0,1,0,1,4,13,2,2,70,1,15,125,4,60,10,0,18,0,31,5,11,13,0,2,1,20
2015-03,YUCATÁN,31,0,1,0,0,0,5,4,23,27,5,1,2,30,33,1,11,1,5,21,0,5,1,4,10,0,1,3,7
2015-03,ZACATECAS,32,1,1,0,1,0,4,0,2,0,0,3,5,0,12,2,6,2,0,0,0,15,0,1,0,0,0,1,23
2015-03,EXTRANJERO,33,0,0,0,0,0,0,0,1,0,2,0,0,0,1,0,6,0,0,0,0,0,0,0,0,0,0,0,3
2015-04,AGUASCALIENTES,1,0,2,0,0,0,2,7,2,0,0,2,1,4,10,0,22,9,1,1,6,11,0,4,0,0,0,1,19
2015-04,BAJA CALIFORNIA,2,2,5,0,39,0,54,7,7,6,0,2,1,41,78,1,13,14,2,0,0,95,12,63,1,0,1,6,36
2015-04,BAJA CALIFORNIA SUR,3,3,0,0,8,0,9,0,1,0,0,3,1,3,8,0,7,4,0,1,0,6,0,1,0,0,0,0,4
2015-04,CAMPECHE,4,0,0,0,3,0,0,0,1,6,0,1,1,1,5,0,7,2,6,3,0,2,0,1,0,0,0,0,1
2015-04,COAHUILA,5,2,0,0,2,0,5,1,4,1,0,2,0,8,16,1,27,20,5,1,0,22,2,2,2,0,1,1,45
2015-04,COLIMA,6,1,1,0,2,0,2,3,5,1,1,5,2,4,13,1,8,0,2,0,0,19,0,0,1,0,0,0,3
2015-04,CHIAPAS,7,0,10,1,1,0,2,1,18,15,1,4,2,16,24,5,13,8,0,11,0,18,22,17,0,0,1,0,12
2015-04,CHIHUAHUA,8,2,1,0,2,0,22,5,17,2,1,2,0,8,39,3,43,15,3,1,2,44,1,2,0,0,3,5,10
2015-04,DISTRITO FEDERAL,9,0,7,0,8,0,16,19,55,2,3,7,19,359,354,5,136,61,73,0,1,57,0,8,1,0,9,133,58
2015-04,DURANGO,10,3,1,0,1,0,2,2,9,3,2,0,0,4,22,1,11,1,0,2,0,27,0,0,0,0,0,0,4
2015-04,GUANAJUATO,11,1,1,0,3,0,26,3,5,1,0,0,2,17,192,5,24,11,5,9,7,83,0,2,2,0,2,3,13
2015-04,GUERRERO,12,2,1,0,7,0,19,16,12,6,0,3,0,15,17,1,20,1,1,0,0,51,0,0,0,0,11,1,12
2015-04,HIDALGO,13,0,0,0,5,0,2,2,4,3,0,2,0,8,189,5,24,9,0,10,0,39,4,1,0,0,0,0,4
2015-04,JALISCO,14,1,1,2,1,0,76,2,16,7,3,8,1,14,152,24,26,12,33,1,3,114,0,0,2,0,6,12,78
2015-04,MÉXICO,15,1,1,0,2,0,5,2,18,7,1,11,12,30,207,2,57,12,27,5,1,104,2,3,2,0,14,6,42
2015-04,MICHOACÁN,16,4,1,0,10,0,25,17,25,5,3,2,6,10,43,2,40,14,2,0,3,67,0,4,1,0,5,0,15
2015-04,MORELOS,17,1,0,0,0,0,3,1,8,6,0,0,0,7,20,2,7,0,0,6,0,44,0,8,1,0,4,1,6
2015-04,NAYARIT,18,1,1,0,0,0,1,4,3,1,16,1,1,4,6,0,11,1,0,1,0,15,1,1,1,0,0,0,4
2015-04,NUEVO LEÓN,19,0,2,0,2,0,13,2,39,1,4,0,1,6,23,0,15,19,13,2,0,33,1,12,3,0,0,20,16
2015-04,OAXACA,20,1,5,0,2,0,3,3,13,2,3,1,2,2,61,6,10,4,1,24,3,75,14,9,0,0,1,0,7
2015-04,PUEBLA,21,12,0,1,0,0,2,5,1,2,0,1,2,3,152,0,17,1,2,2,0,53,1,8,0,0,0,1,6
2015-04,QUERÉTARO,22,0,1,0,0,0,2,3,5,1,0,1,0,6,41,1,5,2,10,0,0,14,0,1,0,0,0,2,6
2015-04,QUINTANA ROO,23,0,0,0,0,0,1,5,5,10,0,8,2,3,19,2,2,13,1,0,0,3,0,1,5,0,5,1,2
2015-04,SAN LUIS POTOSÍ,24,0,3,1,1,0,2,1,6,1,0,0,1,5,24,0,9,7,1,1,2,42,3,0,0,0,0,0,4
2015-04,SINALOA,25,3,4,0,4,0,29,11,4,1,2,4,0,4,40,1,6,12,1,2,0,69,0,11,0,0,2,0,8
2015-04,SONORA,26,8,9,0,0,0,35,20,3,1,1,14,0,4,45,2,36,43,1,2,1,50,12,25,9,0,4,0,8
2015-04,TABASCO,27,0,0,0,0,0,1,0,5,1,0,1,0,2,26,2,24,2,0,1,0,7,5,4,0,0,1,0,3
2015-04,TAMAULIPAS,28,0,0,0,1,0,53,0,31,0,7,5,1,3,99,0,38,14,2,0,1,151,9,1,0,0,20,1,32
2015-04,TLAXCALA,29,0,0,0,0,0,0,0,7,2,1,0,0,4,9,0,5,1,1,4,0,3,1,3,2,0,1,0,13
2015-04,VERACRUZ,30,0,0,0,0,1,1,1,10,3,0,28,1,12,117,3,65,7,1,14,1,40,10,20,6,0,1,1,21
2015-04,YUCATÁN,31,0,1,0,0,0,1,0,13,6,1,3,0,3,3,0,3,0,3,2,0,1,0,0,0,0,0,0,2
2015-04,ZACATECAS,32,1,0,0,0,0,1,2,0,0,0,3,4,0,4,0,6,2,0,0,0,11,2,3,0,0,0,1,10
2015-04,EXTRANJERO,33,0,0,0,0,0,0,0,0,0,0,0,0,2,3,0,1,0,0,0,0,0,0,0,0,0,0,0,3
2015-05,AGUASCALIENTES,1,0,1,0,1,0,3,10,6,1,0,1,0,5,13,0,9,5,3,3,14,13,1,0,0,1,4,4,22
2015-05,BAJA CALIFORNIA,2,0,9,0,38,0,45,4,7,8,0,14,6,26,57,1,18,12,7,0,0,77,8,46,1,1,1,2,34
2015-05,BAJA CALIFORNIA SUR,3,2,0,0,1,0,5,4,2,2,0,6,2,0,1,1,8,0,1,0,0,10,0,2,2,0,1,1,3
2015-05,CAMPECHE,4,1,0,0,1,0,1,0,2,3,0,0,0,0,11,0,6,1,0,1,0,4,1,4,0,0,0,0,2
2015-05,COAHUILA,5,2,1,0,1,1,3,0,7,1,0,1,2,3,17,1,26,13,6,0,1,28,1,2,1,0,0,0,29
2015-05,COLIMA,6,0,0,0,1,0,2,4,5,0,0,4,0,1,12,0,3,2,0,1,0,7,0,3,1,0,0,0,12
2015-05,CHIAPAS,7,3,4,0,7,1,3,1,21,11,1,10,3,11,28,7,34,11,2,54,0,22,30,17,3,0,0,0,11
2015-05,CHIHUAHUA,8,0,3,0,5,1,17,7,15,2,0,2,3,5,39,0,18,35,4,1,0,51,4,16,2,0,2,6,10
2015-05,DISTRITO FEDERAL,9,3,2,0,6,0,13,28,58,2,5,19,6,201,278,3,134,60,37,2,3,62,0,6,4,0,6,177,52
2015-05,DURANGO,10,3,0,0,0,0,5,2,14,2,3,1,2,2,14,0,15,2,1,0,0,15,0,0,0,0,0,0,9
2015-05,GUANAJUATO,11,0,1,0,7,0,19,3,4,1,0,2,2,9,180,1,45,11,4,14,2,93,0,9,3,0,1,1,21
2015-05,GUERRERO,12,1,2,0,9,0,4,11,17,2,3,4,0,6,20,4,12,2,0,0,1,58,0,1,0,0,7,0,9
2015-05,HIDALGO,13,1,0,0,0,0,0,1,1,4,0,1,0,3,69,2,13,7,1,7,0,12,0,0,2,0,3,0,6
2015-05,JALISCO,14,0,0,0,2,0,90,3,14,5,4,14,1,13,123,6,19,11,37,0,4,124,0,1,1,0,11,23,64
2015-05,MÉXICO,15,0,2,0,6,0,11,5,13,8,0,9,3,45,228,7,49,28,37,8,0,97,6,5,0,0,10,10,31
2015-05,MICHOACÁN,16,3,7,0,5,0,30,26,32,11,1,7,3,2,41,2,30,13,2,0,0,70,0,10,0,0,3,1,12
2015-05,MORELOS,17,0,0,0,1,0,1,0,4,1,0,2,1,8,14,1,8,1,0,0,0,23,0,6,2,0,0,1,13
2015-05,NAYARIT,18,5,1,0,0,0,2,1,7,3,18,2,0,3,1,0,10,6,0,0,0,5,0,4,0,0,0,0,6
2015-05,NUEVO LEÓN,19,0,7,0,0,0,9,0,29,1,0,6,0,10,37,2,19,20,17,0,0,36,3,18,0,0,2,9,6
2015-05,OAXACA,20,1,2,0,1,0,0,3,11,4,3,15,0,4,48,6,17,3,0,33,2,68,9,16,0,0,1,1,18
2015-05,PUEBLA,21,2,1,0,0,0,3,2,4,0,1,45,3,9,187,0,14,6,2,8,0,43,2,6,0,0,0,4,8
2015-05,QUERÉTARO,22,1,2,0,0,0,1,2,4,1,0,6,2,9,33,3,10,4,9,2,1,14,0,4,1,0,0,21,2
2015-05,QUINTANA ROO,23,0,0,0,0,0,0,5,7,17,0,14,0,5,20,1,7,4,0,0,0,3,0,5,1,0,1,1,5
2015-05,SAN LUIS POTOSÍ,24,2,12,0,0,0,3,0,3,1,0,0,0,3,21,0,5,0,0,0,0,36,8,1,2,0,1,1,7
2015-05,SINALOA,25,14,11,0,1,0,22,5,9,3,2,1,1,1,58,2,14,5,1,2,0,66,0,12,1,0,4,0,12
2015-05,SONORA,26,6,15,1,4,0,41,34,9,2,1,30,0,3,40,4,26,39,1,1,0,89,11,31,19,0,2,1,20
2015-05,TABASCO,27,0,2,0,1,0,0,0,3,2,0,3,0,5,32,2,13,1,0,0,0,9,5,5,0,0,0,0,7
2015-05,TAMAULIPAS,28,0,1,0,4,0,71,0,20,3,6,5,0,6,88,0,38,5,0,0,3,153,7,0,0,0,17,4,38
2015-05,TLAXCALA,29,0,0,0,0,0,0,1,5,1,1,2,0,2,18,1,7,2,0,3,0,8,2,0,1,0,0,0,8
2015-05,VERACRUZ,30,0,0,0,1,0,2,2,16,4,0,20,0,8,122,9,68,11,1,12,1,35,12,17,5,0,1,2,25
2015-05,YUCATÁN,31,0,1,0,0,0,2,0,7,4,1,7,1,2,13,0,0,1,2,5,0,0,1,1,0,0,0,0,1
2015-05,ZACATECAS,32,1,0,0,0,0,0,1,5,0,1,3,4,2,4,1,9,3,1,2,0,12,0,2,0,0,0,0,29
2015-05,EXTRANJERO,33,0,0,0,0,0,0,0,1,0,1,0,0,0,0,0,3,0,0,0,0,0,0,0,0,0,0,0,4
2015-06,AGUASCALIENTES,1,0,0,0,0,0,5,6,2,0,0,11,1,11,10,0,14,7,6,0,8,9,0,6,0,1,4,4,21
2015-06,BAJA CALIFORNIA,2,1,2,0,38,0,52,2,11,9,2,6,1,27,73,0,12,35,6,0,0,100,8,59,0,0,0,9,42
2015-06,BAJA CALIFORNIA SUR,3,5,0,0,6,0,5,4,4,4,0,7,3,0,4,1,10,5,0,0,0,5,0,0,1,0,2,0,2
2015-06,CAMPECHE,4,1,0,0,2,0,0,2,2,7,0,6,1,4,11,2,16,1,0,3,0,5,1,1,0,0,0,0,2
2015-06,COAHUILA,5,2,1,0,1,1,1,2,8,0,1,9,0,4,22,0,46,10,7,0,0,23,4,1,0,0,0,0,23
2015-06,COLIMA,6,2,0,0,0,0,3,3,7,0,0,9,0,2,18,0,4,1,9,0,1,15,0,2,1,0,1,0,3
2015-06,CHIAPAS,7,2,5,0,3,0,1,1,50,10,0,46,2,12,31,6,67,12,4,17,1,25,12,14,2,0,0,0,11
2015-06,CHIHUAHUA,8,2,3,1,5,0,16,5,27,3,4,7,1,11,22,2,30,23,0,4,1,49,4,9,0,0,0,7,20
2015-06,DISTRITO FEDERAL,9,0,0,2,3,0,10,25,49,1,6,50,21,245,328,2,187,51,75,1,0,79,0,12,3,0,15,166,55
2015-06,DURANGO,10,2,0,0,1,0,5,0,6,3,5,16,0,6,17,0,8,4,0,1,0,21,0,0,0,0,0,1,10
2015-06,GUANAJUATO,11,2,2,0,2,0,18,2,9,1,0,6,1,6,174,1,42,8,9,8,0,67,0,6,1,0,1,4,29
2015-06,GUERRERO,12,0,3,0,7,0,6,5,24,3,4,11,1,7,15,3,21,2,0,0,0,56,0,0,0,0,13,0,10
2015-06,HIDALGO,13,0,0,0,2,0,3,2,3,6,0,4,1,2,69,3,14,3,1,7,0,21,4,0,0,0,1,0,5
2015-06,JALISCO,14,0,1,0,0,0,71,4,23,6,4,21,2,46,163,1,17,21,36,0,0,110,1,0,1,1,10,18,61
2015-06,MÉXICO,15,1,1,0,6,1,9,2,5,7,0,23,1,21,245,5,57,9,42,17,0,89,2,5,3,0,9,15,47
2015-06,MICHOACÁN,16,1,1,0,4,0,12,19,27,9,1,12,1,2,42,7,50,6,1,2,1,55,0,5,0,0,1,1,18
2015-06,MORELOS,17,0,1,0,0,0,4,1,8,1,0,2,0,5,20,3,23,4,0,1,1,23,0,2,4,0,2,0,17
2015-06,NAYARIT,18,0,2,0,0,0,1,3,8,3,4,2,0,6,8,0,11,2,0,2,1,12,1,0,1,0,0,0,7
2015-06,NUEVO LEÓN,19,1,11,0,2,0,10,1,29,1,1,11,0,7,36,1,17,15,28,0,0,38,5,13,2,0,1,6,6
2015-06,OAXACA,20,1,4,1,4,1,4,1,21,4,1,32,0,9,55,8,35,2,0,16,0,44,8,10,0,0,0,7,6
2015-06,PUEBLA,21,14,0,0,0,0,1,5,48,3,1,38,3,12,198,0,40,14,3,5,0,59,5,11,2,0,2,4,28
2015-06,QUERÉTARO,22,0,9,0,0,0,1,0,4,0,0,5,1,4,50,1,12,2,12,2,0,13,0,0,0,0,1,42,3
2015-06,QUINTANA ROO,23,0,1,0,2,0,0,8,5,8,0,10,3,6,26,0,3,6,4,0,0,6,1,0,0,0,2,1,4
2015-06,SAN LUIS POTOSÍ,24,0,22,0,0,0,0,0,11,2,1,2,2,4,32,0,11,1,1,0,0,24,6,3,0,0,0,1,5
2015-06,SINALOA,25,11,8,0,10,0,29,8,4,5,2,9,0,6,58,2,11,7,1,3,1,71,0,14,0,0,5,0,27
2015-06,SONORA,26,6,8,0,4,0,38,36,18,3,1,76,0,3,39,4,45,34,4,0,0,71,7,35,9,1,0,1,8
2015-06,TABASCO,27,0,0,0,1,0,0,0,10,0,0,5,0,2,49,0,33,7,2,2,0,10,12,7,0,0,1,0,6
2015-06,TAMAULIPAS,28,0,0,0,2,0,71,0,22,4,12,18,5,1,157,0,58,13,0,0,3,134,6,0,0,0,15,1,62
2015-06,TLAXCALA,29,0,0,0,0,0,0,0,12,1,0,4,1,3,28,0,1,4,1,0,0,7,0,1,0,0,0,0,8
2015-06,VERACRUZ,30,0,0,0,0,0,1,3,23,9,1,39,0,7,143,20,58,11,0,16,0,26,2,7,7,0,3,0,34
2015-06,YUCATÁN,31,0,1,0,0,0,1,1,12,16,2,20,2,8,19,0,5,7,1,2,0,0,0,1,0,0,0,1,6
2015-06,ZACATECAS,32,1,4,0,0,0,2,1,6,8,0,3,4,7,24,1,17,5,1,2,0,10,0,3,0,0,1,0,9
2015-06,EXTRANJERO,33,0,0,0,0,0,0,0,0,0,0,0,0,1,3,0,2,0,0,0,0,0,0,0,0,0,0,1,7
2015-07,AGUASCALIENTES,1,0,0,0,0,0,9,4,0,0,0,2,0,11,7,0,13,7,6,0,10,16,1,4,0,0,0,5,16
2015-07,BAJA CALIFORNIA,2,0,4,0,10,0,89,4,9,5,2,1,4,32,71,3,23,22,4,0,0,114,11,61,1,0,0,6,40
2015-07,BAJA CALIFORNIA SUR,3,4,0,0,4,0,10,1,6,4,0,0,1,1,8,0,5,2,1,0,0,5,0,0,0,0,0,0,4
2015-07,CAMPECHE,4,0,1,0,0,0,0,1,5,6,0,0,0,2,16,3,13,2,6,0,0,5,0,4,1,0,0,0,10
2015-07,COAHUILA,5,1,1,0,1,0,4,0,1,0,1,1,1,6,15,0,23,14,3,1,1,23,6,1,0,0,4,2,51
2015-07,COLIMA,6,0,0,0,0,1,2,5,11,1,0,1,1,2,8,0,3,4,5,0,0,4,0,4,2,1,0,2,6
2015-07,CHIAPAS,7,1,4,0,2,0,0,3,9,6,2,91,2,5,12,4,27,14,6,7,0,21,12,7,0,0,0,1,24
2015-07,CHIHUAHUA,8,2,1,1,4,0,18,2,34,2,1,3,2,3,34,4,21,14,2,0,0,59,2,10,1,0,1,8,5
2015-07,DISTRITO FEDERAL,9,1,0,0,4,0,12,39,73,1,9,15,6,188,378,2,188,85,47,3,0,65,2,14,4,0,16,166,95
2015-07,DURANGO,10,1,0,0,0,0,2,1,37,4,6,2,2,9,25,4,17,4,1,0,0,23,0,2,0,0,2,3,9
2015-07,GUANAJUATO,11,2,0,0,10,2,23,3,6,0,1,3,0,13,229,4,39,6,14,15,11,65,0,14,4,0,4,5,23
2015-07,GUERRERO,12,1,0,0,4,0,9,2,18,16,1,4,0,5,21,1,26,0,0,0,0,68,0,1,0,0,6,1,5
2015-07,HIDALGO,13,0,0,0,2,0,0,0,2,6,0,0,0,7,64,6,9,5,0,6,0,16,1,1,0,0,0,2,8
2015-07,JALISCO,14,0,1,0,5,0,63,14,19,8,4,3,0,37,145,1,27,22,19,0,0,98,1,1,3,0,10,14,81
2015-07,MÉXICO,15,0,0,0,1,0,1,6,13,4,1,3,2,19,199,9,47,12,18,9,1,91,4,5,2,0,11,9,60
2015-07,MICHOACÁN,16,4,4,0,1,0,20,13,46,18,1,1,4,6,38,5,50,17,15,2,4,58,0,5,2,0,4,0,22
2015-07,MORELOS,17,1,0,0,0,0,5,2,10,1,2,1,1,12,23,5,16,2,0,1,0,37,0,3,4,0,1,0,23
2015-07,NAYARIT,18,1,0,0,0,0,3,2,1,3,6,1,0,1,5,0,4,4,0,7,0,1,1,1,0,0,0,0,8
2015-07,NUEVO LEÓN,19,0,5,0,0,0,9,0,20,2,0,1,0,7,28,0,9,20,15,0,0,48,9,20,1,0,1,4,14
2015-07,OAXACA,20,0,2,0,3,0,4,1,12,4,6,4,1,7,82,1,16,4,1,20,1,64,10,8,1,0,1,7,4
2015-07,PUEBLA,21,5,0,0,2,0,2,8,7,2,1,4,2,7,131,0,7,11,4,16,1,43,1,2,0,0,1,2,9
2015-07,QUERÉTARO,22,1,1,0,2,0,0,3,6,2,0,2,0,12,71,2,14,6,11,1,0,16,0,0,0,0,0,43,6
2015-07,QUINTANA ROO,23,0,1,0,0,0,0,6,0,8,1,40,1,7,15,0,6,8,1,0,0,6,1,0,1,0,3,1,7
2015-07,SAN LUIS POTOSÍ,24,0,14,1,3,0,0,2,5,7,0,2,1,3,30,0,10,6,4,6,1,37,11,2,4,0,1,0,11
2015-07,SINALOA,25,4,4,0,1,0,30,5,7,6,2,0,0,4,43,0,57,8,1,8,0,75,1,18,1,0,5,2,19
2015-07,SONORA,26,2,5,1,2,0,42,16,6,4,0,11,1,8,44,1,31,42,2,1,1,76,8,28,12,0,5,3,18
2015-07,TABASCO,27,0,0,0,0,0,0,0,10,1,0,6,0,5,35,0,37,3,0,0,0,6,6,7,1,0,4,0,7
2015-07,TAMAULIPAS,28,0,0,0,4,0,57,0,30,1,13,1,0,3,126,2,52,12,1,0,0,138,11,0,0,0,12,1,49
2015-07,TLAXCALA,29,0,0,0,0,0,0,1,7,0,0,0,0,3,20,0,9,1,2,6,0,6,0,3,4,0,1,0,4
2015-07,VERACRUZ,30,0,0,0,1,0,1,1,5,3,1,37,1,8,163,25,56,7,3,18,2,31,6,13,8,0,1,1,29
2015-07,YUCATÁN,31,0,3,0,0,0,0,0,8,11,2,5,1,3,9,0,7,0,5,2,0,2,1,4,0,0,0,0,8
2015-07,ZACATECAS,32,2,1,1,1,0,0,0,1,0,1,1,6,4,11,2,9,2,0,5,0,9,1,0,0,0,2,2,21
2015-07,EXTRANJERO,33,0,0,0,0,0,0,1,0,0,1,0,0,2,2,0,5,0,0,0,0,0,0,0,0,0,0,1,2
2015-08,AGUASCALIENTES,1,0,0,0,0,0,9,5,1,0,0,0,1,12,10,1,11,6,1,0,1,11,0,3,0,0,1,10,14
2015-08,BAJA CALIFORNIA,2,2,9,0,25,0,48,5,6,9,1,0,9,23,95,0,12,18,2,0,0,89,6,48,2,0,2,10,30
2015-08,BAJA CALIFORNIA SUR,3,0,0,0,0,0,0,0,8,2,0,1,0,1,6,0,7,1,0,3,0,3,0,0,1,0,0,0,1
2015-08,CAMPECHE,4,0,3,0,0,0,0,2,0,8,0,0,0,2,11,0,14,1,1,2,0,4,0,3,1,0,0,0,4
2015-08,COAHUILA,5,8,3,0,2,1,0,2,5,0,0,1,0,9,27,0,18,12,1,1,0,19,8,3,0,0,0,0,32
2015-08,COLIMA,6,1,0,0,0,0,0,2,21,2,0,2,0,1,14,0,6,1,5,1,0,14,0,2,0,0,1,0,1
2015-08,CHIAPAS,7,0,5,0,4,0,3,0,1,7,1,34,4,10,18,0,27,11,0,7,0,13,14,10,0,0,0,1,19
2015-08,CHIHUAHUA,8,2,0,0,2,0,12,10,23,3,0,2,3,4,29,0,15,24,3,2,1,65,2,10,1,0,0,8,4
2015-08,DISTRITO FEDERAL,9,0,2,0,2,0,17,44,58,2,7,12,18,108,357,8,131,51,35,3,0,85,1,10,0,2,11,189,68
2015-08,DURANGO,10,2,0,0,0,0,2,2,8,2,0,0,0,1,13,0,10,4,0,1,0,15,0,0,1,0,0,1,8
2015-08,GUANAJUATO,11,0,0,0,3,0,19,0,3,0,1,0,1,5,174,2,19,6,8,4,0,71,0,3,0,0,0,3,11
2015-08,GUERRERO,12,0,0,0,3,0,10,24,13,5,1,4,1,5,24,10,15,3,0,0,0,41,0,0,0,0,10,1,9
2015-08,HIDALGO,13,0,0,0,2,0,0,0,2,5,0,1,2,6,62,0,18,6,0,7,0,15,0,0,0,0,5,0,3
2015-08,JALISCO,14,8,12,0,4,1,52,15,12,11,0,2,4,15,144,5,40,19,18,6,3,105,0,6,3,0,4,16,42
2015-08,MÉXICO,15,0,1,0,3,0,3,5,16,10,0,9,1,19,179,2,51,17,28,4,0,74,2,4,2,0,9,8,40
2015-08,MICHOACÁN,16,4,1,0,4,0,22,21,21,10,2,3,1,13,40,3,31,13,4,1,4,70,0,3,0,1,3,1,16
2015-08,MORELOS,17,0,0,0,1,0,2,0,3,3,0,1,0,5,24,2,14,0,0,2,0,35,0,5,2,0,2,1,17
2015-08,NAYARIT,18,1,0,0,0,0,2,1,8,6,15,0,0,3,7,0,12,5,0,0,0,10,0,0,0,0,0,2,11
2015-08,NUEVO LEÓN,19,0,12,0,1,0,10,1,20,0,0,3,0,7,39,1,20,24,13,2,0,45,5,15,2,0,1,3,12
2015-08,OAXACA,20,1,4,1,1,0,3,2,17,12,2,16,0,10,31,0,15,1,1,24,2,42,16,7,0,0,0,0,5
2015-08,PUEBLA,21,4,0,1,0,0,0,4,5,3,1,2,4,6,190,2,9,7,3,13,0,49,1,1,0,0,0,0,26
2015-08,QUERÉTARO,22,0,4,1,2,0,1,0,2,0,0,0,2,6,56,0,10,1,4,0,0,20,0,2,0,0,2,16,5
2015-08,QUINTANA ROO,23,0,0,0,0,0,0,11,3,16,0,7,1,6,24,0,6,9,1,0,0,9,1,1,0,3,0,1,3
2015-08,SAN LUIS POTOSÍ,24,1,4,0,1,0,4,0,3,0,0,0,3,5,12,1,3,1,1,4,0,23,2,0,0,0,0,0,3
2015-08,SINALOA,25,5,4,1,0,0,17,9,17,13,2,0,1,6,46,2,10,13,1,2,0,80,1,5,2,1,6,0,24
2015-08,SONORA,26,2,10,0,2,0,36,6,8,4,1,3,1,5,39,2,27,33,3,1,0,61,8,28,7,0,0,0,16
2015-08,TABASCO,27,1,0,0,0,0,0,0,5,1,0,1,1,1,26,0,12,5,0,1,1,7,5,8,0,1,6,0,5
2015-08,TAMAULIPAS,28,0,1,0,9,0,76,0,31,3,9,0,1,2,125,0,43,10,0,0,0,135,11,0,0,0,15,1,36
2015-08,TLAXCALA,29,0,0,0,0,0,1,1,3,0,0,0,3,1,25,0,2,1,3,9,0,14,0,1,1,0,0,0,2
2015-08,VERACRUZ,30,0,0,1,1,1,0,2,11,3,0,24,0,7,151,12,57,14,1,18,1,25,8,11,2,0,3,0,32
2015-08,YUCATÁN,31,0,3,0,0,0,2,0,5,9,1,2,2,0,24,0,4,3,1,4,0,3,1,0,1,0,0,0,5
2015-08,ZACATECAS,32,3,2,0,0,0,1,0,1,0,0,0,4,0,12,2,8,4,1,3,0,11,0,2,0,0,1,0,7
2015-08,EXTRANJERO,33,0,0,0,0,0,0,0,0,0,1,0,0,1,1,0,6,0,0,0,0,0,0,0,0,0,0,1,2
2015-09,AGUASCALIENTES,1,0,0,0,0,0,6,3,1,0,0,0,1,3,5,0,2,5,4,0,7,7,0,0,2,0,0,7,18
2015-09,BAJA CALIFORNIA,2,0,7,0,12,0,77,11,6,9,2,0,4,37,86,3,14,10,5,1,0,98,3,60,1,0,1,7,38
2015-09,BAJA CALIFORNIA SUR,3,0,0,0,0,0,0,0,3,1,0,0,1,3,8,1,7,5,0,2,0,5,0,0,0,0,0,0,0
2015-09,CAMPECHE,4,0,1,0,0,0,1,0,6,9,0,0,2,1,19,1,7,4,0,5,0,3,1,1,0,0,0,0,2
2015-09,COAHUILA,5,1,3,0,2,4,2,0,7,0,0,0,1,9,33,0,23,9,0,2,0,16,16,0,0,0,0,0,37
2015-09,COLIMA,6,2,0,0,0,0,1,3,14,5,1,0,0,0,8,0,7,3,2,0,0,10,0,2,1,0,1,0,3
2015-09,CHIAPAS,7,0,3,1,5,0,2,7,13,7,0,3,3,9,20,2,35,8,6,10,1,18,23,4,2,0,0,0,11
2015-09,CHIHUAHUA,8,1,4,0,1,0,14,2,37,1,2,0,0,16,34,0,19,25,2,2,0,68,1,8,1,0,0,11,9
2015-09,DISTRITO FEDERAL,9,2,6,0,1,0,11,14,62,3,7,7,10,155,274,6,113,56,35,3,2,110,0,12,0,2,12,166,60
2015-09,DURANGO,10,2,0,0,0,0,1,0,7,1,2,0,0,0,21,0,10,7,1,0,0,15,1,0,0,0,1,0,5
2015-09,GUANAJUATO,11,2,3,1,2,0,12,1,8,0,0,0,2,11,175,1,12,2,4,9,0,59,0,3,0,0,0,2,4
2015-09,GUERRERO,12,0,7,0,2,0,8,14,19,15,3,0,0,6,48,14,29,6,2,0,0,58,0,0,0,2,10,1,8
2015-09,HIDALGO,13,0,0,0,2,0,2,2,2,7,0,5,0,6,80,0,13,5,0,6,0,20,1,0,0,0,0,0,6
2015-09,JALISCO,14,5,7,1,3,0,30,12,10,13,1,2,5,13,142,4,39,26,24,1,0,102,0,10,2,2,6,13,60
2015-09,MÉXICO,15,1,0,0,1,0,2,7,38,12,1,19,8,64,493,23,109,35,22,21,3,97,3,6,5,1,6,28,106
2015-09,MICHOACÁN,16,1,1,0,7,0,31,21,29,13,2,2,7,8,49,1,28,11,0,2,0,69,0,17,0,0,1,2,19
2015-09,MORELOS,17,0,1,0,2,0,2,2,13,4,0,0,0,7,13,3,11,2,0,12,0,17,1,1,4,0,2,0,12
2015-09,NAYARIT,18,2,0,0,0,0,1,2,5,1,9,0,0,1,8,0,2,1,0,2,0,8,2,0,0,0,0,0,3
2015-09,NUEVO LEÓN,19,0,2,0,1,0,5,0,25,5,0,3,3,1,19,2,9,22,9,0,0,30,7,10,1,0,3,2,13
2015-09,OAXACA,20,5,5,0,2,0,2,5,9,4,2,2,0,9,55,0,27,2,1,21,0,50,6,4,1,0,0,0,6
2015-09,PUEBLA,21,4,0,0,1,0,1,2,3,3,1,0,1,10,179,0,12,4,1,14,0,37,4,0,1,0,1,0,22
2015-09,QUERÉTARO,22,0,0,0,3,0,0,0,8,1,1,0,1,5,31,0,3,2,3,0,0,13,1,4,0,0,1,28,3
2015-09,QUINTANA ROO,23,1,2,0,3,0,1,4,10,9,0,12,0,10,25,0,10,9,4,0,0,8,3,1,2,1,0,3,10
2015-09,SAN LUIS POTOSÍ,24,0,2,0,0,0,2,1,0,0,0,0,3,2,19,4,2,5,5,4,0,16,5,0,1,0,0,0,10
2015-09,SINALOA,25,17,4,1,2,0,18,7,6,3,1,1,1,1,48,1,6,15,1,0,0,72,0,6,0,0,3,0,10
2015-09,SONORA,26,3,8,0,1,1,37,50,4,1,0,3,0,2,46,0,19,51,0,2,0,57,7,11,8,0,2,0,17
2015-09,TABASCO,27,0,0,0,0,1,0,1,10,1,0,2,1,7,42,0,45,1,0,0,0,8,10,4,0,0,2,0,5
2015-09,TAMAULIPAS,28,0,0,0,4,0,64,3,32,3,15,2,2,6,142,8,69,28,0,0,0,114,22,0,0,0,7,0,63
2015-09,TLAXCALA,29,0,0,0,0,0,0,2,5,3,2,1,0,2,13,1,5,2,0,6,0,6,1,0,1,0,0,0,9
2015-09,VERACRUZ,30,0,0,0,1,0,1,1,18,1,1,8,1,9,148,14,27,11,1,40,0,35,4,8,4,0,3,0,19
2015-09,YUCATÁN,31,0,0,0,0,0,1,1,4,6,0,2,1,1,12,0,0,5,0,8,0,3,1,0,1,0,0,7,1
2015-09,ZACATECAS,32,1,3,0,0,0,1,0,7,0,0,1,1,1,18,1,11,5,0,2,0,8,3,0,1,0,2,0,9
2015-09,EXTRANJERO,33,1,0,0,0,0,0,0,0,0,2,0,0,0,1,0,1,0,0,0,0,0,0,0,0,0,0,0,5
2015-10,AGUASCALIENTES,1,0,0,0,1,0,5,4,0,0,0,0,0,1,12,0,4,5,1,0,1,13,0,5,0,1,1,18,35
2015-10,BAJA CALIFORNIA,2,3,8,0,23,0,55,13,8,8,2,2,4,18,84,0,17,21,6,0,0,94,6,57,1,0,2,5,45
2015-10,BAJA CALIFORNIA SUR,3,0,0,0,0,0,0,0,7,1,0,0,0,3,9,0,8,0,3,1,0,9,0,16,0,0,0,0,5
2015-10,CAMPECHE,4,2,1,0,0,0,1,0,4,4,0,1,0,2,15,0,12,8,0,2,2,5,1,3,0,0,2,0,2
2015-10,COAHUILA,5,3,2,0,1,0,4,0,4,0,1,1,1,0,23,0,21,9,0,1,1,26,13,0,2,0,0,0,39
2015-10,COLIMA,6,1,0,0,1,0,2,1,18,2,0,2,0,1,8,0,10,1,4,2,0,18,0,1,1,0,0,2,2
2015-10,CHIAPAS,7,2,7,0,1,0,0,6,13,6,0,7,4,6,21,7,29,13,2,13,0,24,20,6,4,0,1,0,11
2015-10,CHIHUAHUA,8,1,4,0,10,0,19,3,18,1,2,0,2,4,15,2,26,54,1,1,1,67,1,13,0,0,0,27,6
2015-10,DISTRITO FEDERAL,9,1,2,0,0,0,10,11,62,6,5,9,16,141,303,5,121,71,52,0,0,70,2,11,9,0,16,218,47
2015-10,DURANGO,10,4,1,0,0,0,0,2,7,2,1,1,0,8,22,3,11,5,0,0,0,18,1,0,0,0,4,0,3
2015-10,GUANAJUATO,11,2,3,0,0,1,11,2,12,1,0,0,1,9,172,0,14,9,6,5,4,61,0,2,0,0,0,3,18
2015-10,GUERRERO,12,0,3,0,2,0,6,22,7,1,2,0,0,1,13,7,14,3,2,0,0,51,0,0,0,0,5,1,15
2015-10,HIDALGO,13,0,0,1,0,0,0,1,1,4,0,10,1,6,91,3,16,5,0,3,0,20,0,1,0,0,1,1,10
2015-10,JALISCO,14,3,1,0,1,0,66,9,11,9,4,2,1,12,167,6,23,17,19,0,1,106,0,3,0,0,2,8,33
2015-10,MÉXICO,15,1,1,0,2,1,6,5,16,3,0,17,0,10,159,3,39,6,26,6,0,74,5,2,0,0,13,8,65
2015-10,MICHOACÁN,16,2,1,1,7,0,31,22,20,2,0,3,7,3,53,3,22,11,7,1,0,51,0,11,0,0,1,2,8
2015-10,MORELOS,17,0,1,0,0,0,4,1,12,9,0,1,0,4,16,17,14,1,1,19,1,33,0,1,3,0,0,1,25
2015-10,NAYARIT,18,1,1,0,0,0,1,2,3,2,2,0,0,2,7,0,10,7,2,5,0,7,2,0,1,0,0,1,4
2015-10,NUEVO LEÓN,19,0,1,0,1,0,3,0,24,0,3,4,3,8,38,1,8,21,16,0,1,40,7,17,0,0,0,9,9
2015-10,OAXACA,20,3,6,0,4,0,0,3,5,7,1,3,1,7,58,0,9,4,0,23,2,52,14,3,0,0,0,1,11
2015-10,PUEBLA,21,4,1,0,0,0,2,4,5,8,0,0,4,6,141,0,21,25,0,17,1,31,1,3,0,0,1,13,12
2015-10,QUERÉTARO,22,0,0,0,8,0,2,0,1,1,0,1,1,7,34,0,13,2,8,0,0,24,0,4,0,0,1,38,5
2015-10,QUINTANA ROO,23,0,1,0,1,0,1,5,6,4,0,11,2,7,19,0,7,11,3,0,1,11,1,0,1,0,0,1,13
2015-10,SAN LUIS POTOSÍ,24,5,6,0,0,0,1,0,2,1,0,0,2,2,19,0,4,5,2,4,0,20,4,0,1,0,0,0,7
2015-10,SINALOA,25,17,5,0,6,0,30,11,12,2,0,2,1,2,43,2,15,3,0,5,0,41,0,7,1,0,2,0,24
2015-10,SONORA,26,5,11,1,0,0,47,29,12,2,0,4,0,3,36,0,19,49,7,1,1,74,13,26,11,0,1,1,19
2015-10,TABASCO,27,0,0,0,0,0,0,0,2,1,0,1,1,2,29,0,22,1,1,0,0,6,8,5,1,0,2,0,2
2015-10,TAMAULIPAS,28,0,2,0,3,0,60,0,43,2,20,1,2,5,114,2,51,11,2,0,1,85,14,0,0,1,11,0,48
2015-10,TLAXCALA,29,0,0,0,0,0,0,3,9,3,1,0,0,2,23,0,11,0,0,2,0,11,1,1,1,0,1,0,8
2015-10,VERACRUZ,30,0,2,0,0,0,1,2,16,3,0,7,6,6,107,17,45,10,2,34,1,28,13,9,2,0,3,2,28
2015-10,YUCATÁN,31,0,0,0,0,0,1,1,6,18,1,1,0,1,9,0,6,0,2,8,0,5,1,2,0,0,0,2,6
2015-10,ZACATECAS,32,0,4,0,0,0,2,0,3,1,0,0,3,1,5,0,14,3,1,1,0,14,0,1,0,0,0,0,3
2015-10,EXTRANJERO,33,0,0,0,0,0,0,0,1,0,1,0,0,3,0,0,1,0,0,0,0,0,0,0,0,0,0,0,3
2015-11,AGUASCALIENTES,1,0,1,0,0,0,7,4,1,1,0,0,1,2,6,0,2,5,0,1,0,9,0,1,0,1,2,13,23
2015-11,BAJA CALIFORNIA,2,2,5,2,8,0,54,3,4,6,0,0,1,16,95,0,23,13,2,0,0,93,4,62,0,0,1,3,93
2015-11,BAJA CALIFORNIA SUR,3,0,0,0,0,0,0,2,2,6,0,0,0,2,8,0,11,2,4,0,0,3,0,11,0,0,0,0,1
2015-11,CAMPECHE,4,2,1,0,1,0,2,0,1,6,1,0,0,1,14,0,11,4,0,2,0,4,2,0,0,0,1,0,6
2015-11,COAHUILA,5,3,2,0,0,1,2,0,7,1,0,0,3,5,15,0,32,11,1,0,0,27,7,6,1,0,1,0,45
2015-11,COLIMA,6,0,1,0,0,1,0,1,19,4,0,0,1,1,19,0,8,2,8,5,0,6,0,0,1,0,1,0,6
2015-11,CHIAPAS,7,3,3,0,3,0,3,2,2,5,0,1,6,24,22,1,26,8,2,13,0,25,15,3,2,0,0,1,27
2015-11,CHIHUAHUA,8,0,0,0,0,1,22,2,40,2,0,3,0,40,25,1,22,66,4,1,1,55,1,5,3,0,0,9,20
2015-11,DISTRITO FEDERAL,9,2,3,0,2,1,13,12,56,2,6,11,13,136,332,3,139,84,33,3,0,67,1,15,7,0,9,278,86
2015-11,DURANGO,10,5,0,0,1,0,5,2,9,4,1,2,0,5,4,1,18,2,0,0,0,23,0,0,0,0,1,0,3
2015-11,GUANAJUATO,11,1,2,0,2,2,4,0,3,2,0,1,0,11,101,0,9,8,12,4,0,79,0,1,0,0,0,4,8
2015-11,GUERRERO,12,0,1,0,3,0,4,17,7,2,1,3,0,1,16,3,13,1,0,0,0,62,0,0,0,1,14,0,4
2015-11,HIDALGO,13,0,0,0,3,0,0,0,2,1,1,6,1,5,74,0,11,2,4,2,0,14,0,1,0,0,3,0,4
2015-11,JALISCO,14,1,5,0,2,0,52,20,24,4,3,3,1,21,100,2,14,17,24,0,4,98,0,2,1,0,4,8,18
2015-11,MÉXICO,15,3,0,0,4,2,7,3,10,5,0,7,3,5,154,1,24,6,16,4,1,86,8,3,3,0,7,6,53
2015-11,MICHOACÁN,16,0,1,0,8,0,26,17,17,13,0,3,4,1,47,1,20,8,3,0,2,55,0,5,2,0,0,0,12
2015-11,MORELOS,17,1,0,0,0,0,1,0,4,1,0,1,0,2,20,3,17,6,1,5,0,29,0,0,4,0,1,0,21
2015-11,NAYARIT,18,1,1,0,0,0,1,3,2,0,1,0,0,2,8,0,3,3,0,1,0,4,1,0,1,0,0,2,6
2015-11,NUEVO LEÓN,19,1,6,0,0,0,4,0,42,0,2,0,2,8,33,0,6,20,28,0,0,26,6,5,2,0,2,7,12
2015-11,OAXACA,20,0,7,0,0,0,2,2,10,7,2,1,0,3,91,4,19,12,1,28,1,49,7,5,1,0,0,1,9
2015-11,PUEBLA,21,2,0,0,1,0,0,1,1,4,0,4,1,6,145,0,13,14,3,12,0,33,1,1,1,0,0,9,17
2015-11,QUERÉTARO,22,0,0,0,8,0,3,0,2,2,0,2,2,6,34,0,12,4,8,0,0,18,0,6,0,0,0,50,2
2015-11,QUINTANA ROO,23,1,2,0,1,0,0,7,3,27,0,15,2,0,16,1,13,10,3,3,3,7,0,0,4,0,0,3,7
2015-11,SAN LUIS POTOSÍ,24,2,8,0,0,0,0,0,2,7,0,2,13,4,25,0,4,1,1,0,0,17,1,1,0,0,0,0,8
2015-11,SINALOA,25,12,11,1,5,0,43,12,21,4,3,0,0,2,47,1,12,5,0,1,0,75,1,11,1,0,3,0,29
2015-11,SONORA,26,12,10,0,0,0,73,33,9,4,0,1,0,4,39,2,27,33,3,0,0,67,5,22,4,0,0,2,25
2015-11,TABASCO,27,1,2,0,0,0,2,0,3,3,0,3,3,1,12,0,28,3,0,0,0,11,2,4,0,0,1,0,14
2015-11,TAMAULIPAS,28,0,0,0,0,0,43,1,30,3,13,2,0,2,87,0,49,17,0,0,0,113,13,0,0,0,12,0,44
2015-11,TLAXCALA,29,1,0,0,1,0,1,1,3,6,1,1,0,2,22,0,10,1,0,1,0,8,0,0,1,0,1,0,4
2015-11,VERACRUZ,30,1,1,0,0,1,0,2,25,4,0,31,4,9,114,13,63,12,0,26,0,37,13,6,3,0,6,1,27
2015-11,YUCATÁN,31,0,2,0,2,0,3,0,5,10,0,3,1,4,14,0,5,2,1,1,0,3,1,3,0,0,0,0,9
2015-11,ZACATECAS,32,3,3,0,0,0,2,0,2,0,0,0,3,2,25,1,21,2,0,1,0,12,0,0,0,0,1,0,3
2015-11,EXTRANJERO,33,0,0,0,0,0,0,0,0,0,1,0,0,0,1,0,1,0,0,0,0,0,0,0,0,0,1,0,2
2015-12,AGUASCALIENTES,1,0,0,0,0,0,6,1,0,0,0,1,1,6,4,0,4,4,0,0,0,9,0,0,0,0,2,0,12
2015-12,BAJA CALIFORNIA,2,0,7,2,37,1,58,2,2,11,3,0,0,13,55,2,14,8,5,0,0,92,7,67,1,0,0,2,41
2015-12,BAJA CALIFORNIA SUR,3,0,0,0,0,0,0,0,4,2,0,6,0,1,6,0,7,6,3,0,0,12,0,5,0,1,1,0,3
2015-12,CAMPECHE,4,0,0,0,0,0,0,1,2,8,1,1,0,1,13,0,14,8,0,3,1,9,0,0,0,0,0,0,14
2015-12,COAHUILA,5,1,0,0,0,0,1,0,5,0,0,0,1,2,16,0,13,2,0,0,0,12,2,0,0,0,0,0,32
2015-12,COLIMA,6,0,0,0,0,0,1,4,21,2,1,2,1,2,18,0,14,4,4,2,0,11,0,2,1,1,1,0,7
2015-12,CHIAPAS,7,3,2,0,0,0,0,4,7,2,1,2,7,10,13,4,14,4,3,10,0,23,6,5,0,0,0,1,7
2015-12,CHIHUAHUA,8,0,1,1,0,0,27,0,7,1,2,1,1,10,23,1,4,23,2,0,0,59,2,2,1,1,6,10,9
2015-12,DISTRITO FEDERAL,9,1,1,0,0,0,22,7,60,3,2,4,2,134,230,5,126,53,56,1,2,82,1,3,3,0,12,380,77
2015-12,DURANGO,10,1,0,0,0,0,3,0,10,3,1,1,0,0,5,0,3,4,0,4,0,24,1,0,1,0,1,1,4
2015-12,GUANAJUATO,11,1,2,0,0,1,12,2,4,0,0,2,2,10,114,1,24,6,5,4,0,76,1,0,0,0,0,3,10
2015-12,GUERRERO,12,0,2,0,4,0,4,18,9,1,1,2,0,4,21,3,10,8,1,0,0,56,0,1,0,0,16,2,7
2015-12,HIDALGO,13,0,0,0,0,0,1,0,1,7,0,0,2,4,75,0,15,5,1,2,0,22,0,0,0,0,1,1,4
2015-12,JALISCO,14,1,0,0,1,0,48,5,4,6,3,2,0,21,75,2,26,12,33,0,2,96,0,4,2,0,5,7,17
2015-12,MÉXICO,15,2,0,0,0,0,4,3,5,5,0,2,2,4,130,1,26,23,21,4,1,60,0,2,2,0,5,6,39
2015-12,MICHOACÁN,16,1,1,0,7,0,12,14,22,10,1,3,2,3,56,2,18,6,2,2,0,72,0,2,0,0,1,0,12
2015-12,MORELOS,17,0,1,0,0,0,0,0,4,2,0,0,1,0,20,0,11,1,1,1,1,31,0,0,1,0,3,0,12
2015-12,NAYARIT,18,1,1,0,0,0,1,0,1,1,0,0,0,0,3,0,0,0,0,1,0,3,0,0,0,0,2,0,9
2015-12,NUEVO LEÓN,19,0,0,0,7,0,0,0,35,0,0,1,1,1,38,1,6,10,28,0,1,30,6,6,0,0,3,13,8
2015-12,OAXACA,20,0,1,0,1,0,0,3,6,2,2,1,0,3,15,0,25,6,0,7,0,51,1,1,0,0,0,1,0
2015-12,PUEBLA,21,2,0,0,0,0,0,0,3,2,0,2,2,3,118,1,5,16,1,4,0,28,0,2,1,0,2,1,15
2015-12,QUERÉTARO,22,2,0,1,9,0,4,0,1,3,0,3,6,2,24,0,7,2,6,0,0,28,0,1,0,0,0,34,7
2015-12,QUINTANA ROO,23,0,2,0,0,0,0,2,3,39,0,6,0,7,33,0,17,18,5,1,0,9,0,0,1,0,0,2,9
2015-12,SAN LUIS POTOSÍ,24,0,1,0,0,0,0,0,1,3,2,6,0,1,13,3,3,5,1,1,0,25,3,1,0,0,0,0,11
2015-12,SINALOA,25,2,2,0,0,0,29,1,1,2,1,0,0,1,19,0,6,3,0,0,0,45,0,0,0,0,4,2,13
2015-12,SONORA,26,7,5,0,2,0,54,16,7,0,0,0,0,6,36,0,35,53,1,1,1,64,7,22,5,0,0,2,11
2015-12,TABASCO,27,0,0,0,0,0,2,0,3,1,0,0,0,2,16,1,23,2,0,1,0,11,3,2,0,0,4,0,16
2015-12,TAMAULIPAS,28,0,1,0,0,0,36,0,31,6,4,0,4,7,192,1,29,41,0,0,0,121,8,0,0,0,2,0,25
2015-12,TLAXCALA,29,1,0,0,0,0,0,2,0,2,0,0,1,2,31,1,3,1,1,5,0,11,0,0,0,0,0,0,4
2015-12,VERACRUZ,30,0,0,0,0,0,1,1,8,0,0,16,0,8,114,4,24,8,2,9,0,24,7,5,0,0,2,0,22
2015-12,YUCATÁN,31,0,4,0,1,0,1,0,9,3,0,1,1,2,7,0,2,2,1,2,0,2,0,0,0,0,0,0,10
2015-12,ZACATECAS,32,0,0,0,0,0,1,0,2,0,0,0,1,2,15,10,3,4,0,2,0,20,2,0,0,0,1,0,4
2015-12,EXTRANJERO,33,0,0,0,0,0,0,0,0,0,0,0,0,0,0,0,2,0,0,0,0,0,0,0,0,0,1,0,0
2016-01,AGUASCALIENTES,1,0,0,0,0,0,10,4,4,0,0,0,1,2,10,0,1,5,1,0,0,11,1,1,0,0,0,6,23
2016-01,BAJA CALIFORNIA,2,2,1,0,11,0,46,4,11,3,1,1,0,19,73,1,9,25,3,0,1,92,10,78,1,0,0,10,39
2016-01,BAJA CALIFORNIA SUR,3,0,2,0,1,0,5,0,2,4,0,0,1,0,8,0,5,0,3,0,1,10,0,7,0,0,0,0,6
2016-01,CAMPECHE,4,0,1,0,0,0,1,0,1,0,0,0,0,1,6,2,1,5,0,0,0,5,0,1,0,0,0,0,0
2016-01,COAHUILA,5,0,7,0,0,0,7,2,1,0,3,0,0,3,21,0,8,3,0,1,0,12,3,3,2,0,0,1,37
2016-01,COLIMA,6,0,0,0,1,0,2,3,17,2,0,20,1,0,26,0,6,0,5,2,0,11,0,1,0,0,1,1,5
2016-01,CHIAPAS,7,7,0,0,0,0,0,4,7,0,0,3,8,7,5,1,32,4,0,11,0,8,4,6,0,0,1,1,6
2016-01,CHIHUAHUA,8,5,3,0,0,0,17,1,4,1,4,2,0,3,13,0,11,26,1,0,0,60,0,4,0,0,1,6,25
2016-01,DISTRITO FEDERAL,9,2,6,0,3,0,16,8,55,2,3,1,1,121,379,2,123,41,42,2,4,66,1,8,1,1,9,361,71
2016-01,DURANGO,10,1,0,0,0,0,1,0,5,1,2,4,1,3,6,0,4,1,0,0,0,13,0,0,0,0,3,1,13
2016-01,GUANAJUATO,11,1,0,0,2,0,8,0,4,0,0,0,0,10,237,0,19,6,1,2,0,75,2,3,2,0,0,5,21
2016-01,GUERRERO,12,0,0,0,13,0,4,10,7,1,0,5,1,3,14,2,11,5,1,0,0,71,0,0,0,2,17,0,30
2016-01,HIDALGO,13,0,0,0,0,0,1,1,3,4,0,2,3,6,120,2,19,1,0,1,0,20,0,0,0,0,1,0,6
2016-01,JALISCO,14,0,1,0,0,0,59,11,11,4,3,1,2,22,97,3,14,22,41,1,1,102,1,2,4,0,2,10,26
2016-01,MÉXICO,15,1,0,0,2,0,0,3,4,2,1,4,3,11,217,4,20,9,19,27,1,76,3,3,0,1,8,13,58
2016-01,MICHOACÁN,16,4,2,0,7,0,18,12,32,10,2,2,2,2,40,1,22,4,26,0,1,90,0,4,0,0,2,1,47
2016-01,MORELOS,17,0,1,0,0,0,1,1,7,3,0,1,1,0,9,5,16,3,0,5,0,28,0,1,0,0,2,0,21
2016-01,NAYARIT,18,1,1,0,1,0,1,1,8,1,5,0,0,1,7,0,2,0,0,1,0,3,0,0,0,0,0,0,22
2016-01,NUEVO LEÓN,19,0,5,0,3,0,6,1,22,1,1,0,0,4,26,1,5,10,14,0,0,34,4,4,1,0,0,7,11
2016-01,OAXACA,20,1,1,0,1,0,5,2,12,4,5,2,0,2,21,0,51,2,0,4,0,46,1,0,0,0,0,0,27
2016-01,PUEBLA,21,0,0,0,0,0,2,0,3,2,2,11,3,3,129,1,10,6,2,1,1,26,1,2,0,0,0,2,5
2016-01,QUERÉTARO,22,0,2,0,1,0,2,0,5,2,0,1,15,4,35,1,4,2,5,0,0,18,0,3,2,0,0,2,10
2016-01,QUINTANA ROO,23,0,3,0,1,0,0,5,2,3,0,21,2,7,11,0,4,3,2,0,0,9,1,1,1,0,1,1,10
2016-01,SAN LUIS POTOSÍ,24,0,4,0,0,0,1,0,4,0,1,0,1,2,13,0,11,2,1,2,0,25,3,0,0,0,0,0,9
2016-01,SINALOA,25,4,3,0,3,0,11,5,7,0,2,1,0,3,27,0,16,3,2,0,2,40,0,2,0,0,4,1,18
2016-01,SONORA,26,2,5,1,1,0,58,23,8,6,0,0,2,6,36,3,31,62,2,4,0,68,7,30,17,0,3,1,17
2016-01,TABASCO,27,0,0,0,0,0,0,0,7,2,0,0,0,0,23,0,16,2,0,0,0,10,9,4,0,0,0,0,10
2016-01,TAMAULIPAS,28,0,1,0,4,0,59,1,50,2,13,3,0,4,95,0,30,38,0,0,0,122,13,0,0,0,10,4,160
2016-01,TLAXCALA,29,0,0,0,0,0,0,0,3,1,0,0,0,0,15,1,4,1,0,0,0,10,0,0,0,0,0,1,4
2016-01,VERACRUZ,30,0,0,0,0,0,1,11,15,3,1,33,0,16,153,34,74,11,2,21,0,26,7,2,2,0,4,0,67
2016-01,YUCATÁN,31,0,2,0,0,0,6,0,5,12,1,1,2,2,13,0,6,1,0,10,0,1,2,0,0,0,0,0,7
2016-01,ZACATECAS,32,0,1,0,0,0,0,0,5,0,0,0,1,2,10,0,0,4,0,4,0,17,0,2,0,0,0,0,6
2016-01,EXTRANJERO,33,0,0,0,1,0,0,0,0,0,2,0,0,1,0,0,4,0,0,0,0,0,0,0,0,0,0,0,3
2016-02,AGUASCALIENTES,1,0,0,0,0,0,14,2,1,0,0,2,1,6,5,0,6,9,0,0,0,10,0,0,0,0,0,2,28
2016-02,BAJA CALIFORNIA,2,3,5,1,24,0,32,2,20,4,0,2,0,13,80,1,15,23,7,1,1,101,5,62,4,0,1,2,11
2016-02,BAJA CALIFORNIA SUR,3,1,1,0,2,0,0,0,1,0,0,0,0,1,3,1,6,2,1,0,1,10,0,4,0,0,1,0,0
2016-02,CAMPECHE,4,0,0,0,1,0,0,0,1,16,0,1,0,5,7,1,14,1,9,0,0,5,0,2,0,0,0,0,2
2016-02,COAHUILA,5,0,3,1,0,0,4,0,5,1,4,1,1,4,18,0,12,9,0,3,0,10,1,0,2,0,1,0,74
2016-02,COLIMA,6,0,0,0,0,0,3,3,13,0,0,3,0,5,17,0,8,2,7,4,0,18,0,1,0,0,0,0,5
2016-02,CHIAPAS,7,14,0,0,0,0,1,2,6,6,0,8,13,3,12,1,22,6,1,6,0,11,10,2,0,0,0,1,11
2016-02,CHIHUAHUA,8,1,3,0,3,0,23,1,1,0,0,1,5,6,18,0,11,29,4,2,0,38,3,2,1,0,1,8,11
2016-02,DISTRITO FEDERAL,9,1,0,0,5,1,28,13,59,3,3,13,7,116,243,2,149,53,123,0,1,72,3,3,3,0,15,323,66
2016-02,DURANGO,10,2,2,1,1,0,1,0,6,2,3,0,1,7,7,0,8,2,0,1,0,17,1,0,2,0,1,0,7
2016-02,GUANAJUATO,11,0,0,0,0,0,12,0,8,0,1,3,5,7,135,0,9,8,6,8,2,83,0,3,1,0,1,3,19
2016-02,GUERRERO,12,1,0,0,3,0,9,10,10,1,0,3,0,8,27,3,15,2,0,0,1,80,0,0,0,0,34,1,21
2016-02,HIDALGO,13,0,0,0,1,1,1,1,2,0,0,3,3,11,80,2,12,6,2,0,1,28,0,1,3,0,1,0,3
2016-02,JALISCO,14,0,1,0,3,0,42,11,16,14,2,15,1,16,94,8,24,20,26,0,0,99,0,5,1,0,5,8,35
2016-02,MÉXICO,15,0,2,1,4,0,6,0,14,3,2,5,5,8,234,17,42,4,13,24,0,66,0,17,1,0,14,12,62
2016-02,MICHOACÁN,16,5,1,0,7,0,42,5,16,4,0,0,0,7,38,1,21,8,1,0,0,71,0,2,0,0,0,2,12
2016-02,MORELOS,17,0,0,0,0,0,2,2,4,2,0,2,1,5,18,3,9,1,0,8,0,34,0,1,1,0,0,1,14
2016-02,NAYARIT,18,2,0,0,0,0,0,0,4,0,1,2,0,0,2,0,7,3,2,4,0,5,0,0,1,0,0,0,4
2016-02,NUEVO LEÓN,19,0,7,0,1,0,3,0,41,2,0,110,1,3,40,0,13,12,6,0,0,24,2,3,0,0,3,5,11
2016-02,OAXACA,20,4,1,0,1,0,1,1,4,2,2,4,1,2,11,0,21,3,0,5,0,37,4,0,1,0,0,0,29
2016-02,PUEBLA,21,0,0,0,0,0,3,1,1,2,2,31,4,4,165,3,10,6,0,4,0,32,1,1,2,0,0,3,3
2016-02,QUERÉTARO,22,0,0,0,2,0,4,1,3,2,0,7,19,4,31,0,12,0,5,0,0,22,0,1,0,0,0,3,5
2016-02,QUINTANA ROO,23,1,1,0,0,0,0,2,6,14,0,20,2,13,21,0,14,22,2,7,1,11,0,1,2,1,0,1,12
2016-02,SAN LUIS POTOSÍ,24,1,3,0,0,0,1,0,0,1,0,0,0,3,10,0,1,2,0,4,1,19,6,0,0,0,0,0,3
2016-02,SINALOA,25,13,1,0,2,0,20,6,5,0,4,3,0,3,23,0,17,2,1,1,0,52,0,6,2,0,0,1,12
2016-02,SONORA,26,1,16,0,1,0,67,17,18,2,1,4,0,11,31,0,35,50,3,0,0,68,8,23,8,0,2,0,16
2016-02,TABASCO,27,0,0,0,0,0,1,0,3,1,1,4,1,2,45,1,16,6,0,0,0,19,5,3,3,0,6,0,15
2016-02,TAMAULIPAS,28,0,2,0,2,0,61,1,34,3,7,2,1,5,103,1,23,17,0,0,0,93,9,0,0,0,5,1,78
2016-02,TLAXCALA,29,0,0,0,1,0,1,0,4,4,0,1,0,1,17,1,3,0,0,0,0,11,0,0,0,0,0,1,3
2016-02,VERACRUZ,30,0,0,0,0,0,0,13,9,2,2,37,0,6,100,10,58,12,0,26,0,26,3,4,0,0,3,0,21
2016-02,YUCATÁN,31,0,1,0,0,0,5,3,11,6,2,8,0,3,8,0,2,5,3,2,0,1,1,0,1,0,0,0,16
2016-02,ZACATECAS,32,0,3,0,0,0,0,0,1,1,1,2,1,0,30,0,5,0,0,1,0,10,0,0,0,0,0,2,1
2016-02,EXTRANJERO,33,0,0,0,0,0,0,0,0,0,1,0,0,0,1,0,2,0,0,0,0,0,0,0,0,0,1,2,2
2016-03,AGUASCALIENTES,1,1,2,0,0,0,6,0,1,2,0,1,1,4,5,0,1,0,1,0,0,11,0,0,0,0,0,1,13
2016-03,BAJA CALIFORNIA,2,2,8,1,34,0,38,4,13,4,0,4,2,12,49,0,14,17,8,8,1,90,3,57,2,0,5,7,9
2016-03,BAJA CALIFORNIA SUR,3,1,0,0,2,0,3,0,5,0,0,0,1,1,7,0,1,2,1,0,0,4,0,8,0,0,0,0,5
2016-03,CAMPECHE,4,0,1,0,0,0,0,0,4,8,0,0,0,7,30,1,10,4,5,2,1,5,0,1,0,0,0,0,7
2016-03,COAHUILA,5,0,3,0,0,0,5,2,13,0,4,2,1,8,16,0,8,12,2,0,0,11,5,0,1,0,0,0,55
2016-03,COLIMA,6,1,0,0,0,0,1,0,6,0,1,5,2,0,6,0,5,0,5,4,0,16,0,2,0,0,1,0,3
2016-03,CHIAPAS,7,13,0,0,0,0,0,6,14,2,0,7,6,9,14,1,41,5,7,12,0,22,4,0,0,0,0,0,35
2016-03,CHIHUAHUA,8,2,2,0,1,0,24,4,18,1,3,14,4,11,22,4,21,27,0,2,0,55,2,5,0,0,0,9,19
2016-03,DISTRITO FEDERAL,9,1,6,0,12,0,4,20,77,3,6,12,28,325,309,11,136,37,77,0,1,67,0,13,19,0,3,385,83
2016-03,DURANGO,10,1,2,0,0,0,1,3,9,1,1,4,1,3,10,1,4,3,0,0,0,14,2,0,0,0,0,1,6
2016-03,GUANAJUATO,11,0,2,0,0,0,18,1,5,4,1,3,3,4,182,0,12,9,6,6,2,94,1,2,4,0,2,1,15
2016-03,GUERRERO,12,1,3,0,4,0,6,32,5,2,0,1,0,7,22,4,10,0,0,0,0,70,0,2,0,0,12,1,8
2016-03,HIDALGO,13,0,1,0,0,0,1,0,4,1,1,5,2,8,60,1,2,0,0,1,0,15,0,0,0,0,0,2,6
2016-03,JALISCO,14,1,2,0,1,2,54,15,12,13,1,2,3,17,61,2,14,17,37,1,0,101,0,2,0,0,7,3,11
2016-03,MÉXICO,15,2,2,0,3,0,3,2,6,1,0,35,2,6,124,0,29,9,10,2,0,70,2,7,0,2,7,1,26
2016-03,MICHOACÁN,16,0,3,0,1,0,29,16,22,3,0,1,1,3,48,2,26,6,0,3,1,77,0,11,0,0,2,0,19
2016-03,MORELOS,17,0,0,0,0,0,1,1,4,0,2,1,1,5,33,2,8,2,1,0,0,23,0,2,1,0,0,0,12
2016-03,NAYARIT,18,1,3,0,2,0,3,0,12,1,0,0,0,3,11,0,11,0,0,1,0,3,1,0,4,0,0,0,10
2016-03,NUEVO LEÓN,19,7,0,0,1,0,7,0,74,4,1,6,1,4,33,0,5,14,17,0,0,24,3,5,0,0,1,8,8
2016-03,OAXACA,20,0,2,0,1,0,1,0,9,1,3,10,0,19,9,0,43,2,0,23,0,43,2,0,0,0,0,0,10
2016-03,PUEBLA,21,1,1,0,1,0,3,2,13,3,3,33,3,5,115,0,10,8,0,5,0,30,1,0,1,0,1,0,11
2016-03,QUERÉTARO,22,0,1,0,1,0,6,3,5,3,0,3,27,14,30,0,13,5,4,1,0,19,0,2,0,0,0,5,5
2016-03,QUINTANA ROO,23,7,0,0,0,0,2,3,3,11,0,21,4,4,9,0,4,16,5,0,1,3,0,10,1,0,0,3,3
2016-03,SAN LUIS POTOSÍ,24,1,5,0,0,1,2,0,4,3,0,1,1,4,16,0,5,4,0,6,2,16,2,0,0,0,0,0,6
2016-03,SINALOA,25,17,6,0,0,0,18,6,18,3,2,1,2,3,23,1,17,5,1,0,0,47,0,3,1,0,1,0,27
2016-03,SONORA,26,5,7,1,2,0,55,19,9,1,0,5,0,6,38,0,28,65,8,2,0,62,8,22,11,0,1,1,16
2016-03,TABASCO,27,0,0,0,0,0,0,0,7,2,2,60,1,4,34,0,13,0,0,1,0,9,4,0,0,0,2,0,1
2016-03,TAMAULIPAS,28,0,2,0,1,0,39,0,21,1,10,0,0,3,88,1,46,15,1,0,0,111,4,0,0,0,11,1,54
2016-03,TLAXCALA,29,0,0,0,1,0,0,3,4,2,0,6,0,0,25,0,2,2,0,1,0,7,0,1,0,0,0,1,4
2016-03,VERACRUZ,30,1,1,1,0,0,0,2,12,5,1,26,0,5,210,16,28,9,1,5,0,40,5,3,2,0,5,2,28
2016-03,YUCATÁN,31,0,1,0,0,0,4,0,8,5,0,1,0,3,12,0,1,5,2,1,0,2,0,1,0,0,0,0,7
2016-03,ZACATECAS,32,0,0,0,0,0,0,0,4,1,1,11,0,0,12,1,3,4,1,0,0,14,2,2,0,0,0,2,0
2016-03,EXTRANJERO,33,0,0,0,0,0,0,0,0,0,4,0,0,0,0,0,1,0,0,0,0,0,0,0,0,0,1,0,1
2016-04,AGUASCALIENTES,1,0,1,0,0,0,1,0,2,0,0,1,3,1,5,0,4,1,7,0,0,10,0,1,0,0,0,1,20
2016-04,BAJA CALIFORNIA,2,5,5,2,48,0,29,7,4,10,0,0,3,11,87,0,12,24,8,2,0,96,3,63,0,0,0,7,17
2016-04,BAJA CALIFORNIA SUR,3,0,0,0,3,0,5,0,2,5,0,0,0,2,7,0,2,4,1,4,0,7,0,2,0,0,2,0,11
2016-04,CAMPECHE,4,0,0,0,0,0,1,0,4,17,1,1,0,4,20,0,7,8,2,1,1,4,0,1,0,0,0,0,7
2016-04,COAHUILA,5,0,1,0,3,2,6,2,7,0,3,0,2,2,16,0,8,10,1,2,0,10,7,0,1,0,0,1,32
2016-04,COLIMA,6,3,0,0,0,0,3,0,9,0,1,5,1,0,9,0,5,3,3,3,0,12,0,1,0,0,0,1,5
2016-04,CHIAPAS,7,8,0,0,0,0,1,9,10,1,0,9,11,9,9,0,39,2,2,12,0,9,16,4,0,2,1,0,20
2016-04,CHIHUAHUA,8,0,2,0,3,1,22,4,15,3,2,7,3,8,25,0,19,57,2,1,0,53,1,3,1,0,0,9,29
2016-04,DISTRITO FEDERAL,9,0,2,1,3,0,2,17,52,5,4,21,61,160,303,5,89,36,110,0,1,75,1,5,2,0,5,255,102
2016-04,DURANGO,10,4,1,0,1,0,1,1,5,4,2,3,0,3,11,0,4,1,0,0,0,21,0,0,0,0,1,0,8
2016-04,GUANAJUATO,11,0,1,1,2,1,9,0,8,3,3,1,0,16,171,1,29,7,8,3,0,98,4,1,1,0,0,4,33
2016-04,GUERRERO,12,0,1,0,3,0,5,31,16,3,3,1,2,12,23,3,19,1,1,0,1,60,0,1,0,0,10,0,39
2016-04,HIDALGO,13,0,0,0,0,0,2,0,2,1,0,14,1,6,77,1,5,2,1,0,0,11,0,0,0,0,1,1,6
2016-04,JALISCO,14,0,0,0,2,0,41,11,9,9,3,1,4,14,67,4,12,26,26,1,0,69,0,0,1,0,6,2,32
2016-04,MÉXICO,15,0,0,0,0,0,7,0,8,8,2,12,3,16,133,0,31,8,22,2,1,82,5,3,0,0,3,3,68
2016-04,MICHOACÁN,16,2,2,0,4,0,44,12,47,11,1,2,0,11,58,4,45,11,2,0,1,77,0,9,0,0,1,1,22
2016-04,MORELOS,17,0,0,0,0,0,2,0,0,4,0,1,1,6,17,0,9,2,0,11,2,17,0,0,0,0,0,1,15
2016-04,NAYARIT,18,1,0,0,0,0,1,0,7,2,0,0,2,0,1,0,5,1,1,1,0,7,0,1,0,0,0,0,22
2016-04,NUEVO LEÓN,19,13,0,0,3,0,6,0,36,4,0,1,1,5,37,1,5,6,35,0,0,33,6,5,1,0,0,8,12
2016-04,OAXACA,20,1,0,0,0,0,1,1,7,6,3,21,2,11,20,0,20,1,0,26,0,29,3,2,0,0,0,0,29
2016-04,PUEBLA,21,0,0,0,0,0,1,2,2,1,0,46,4,7,195,1,21,15,1,9,0,48,2,1,1,0,0,0,6
2016-04,QUERÉTARO,22,0,5,0,4,1,6,6,2,2,0,2,67,3,67,0,14,1,10,2,0,25,0,2,1,0,0,1,16
2016-04,QUINTANA ROO,23,0,2,0,1,0,3,3,4,13,0,28,1,7,17,1,5,6,1,0,0,13,1,0,1,0,2,3,6
2016-04,SAN LUIS POTOSÍ,24,1,8,0,0,0,2,0,5,4,2,1,0,4,32,3,4,1,0,6,1,14,0,0,1,0,0,0,13
2016-04,SINALOA,25,13,6,0,0,0,7,8,33,2,1,14,0,6,30,1,9,6,1,3,0,38,0,4,1,0,1,2,40
2016-04,SONORA,26,7,6,0,0,0,60,11,39,3,1,0,0,8,45,3,14,69,9,2,0,56,10,16,3,0,0,2,17
2016-04,TABASCO,27,0,0,0,0,0,1,0,5,2,2,3,2,0,36,0,10,3,0,2,0,15,7,2,0,0,2,0,7
2016-04,TAMAULIPAS,28,0,0,0,1,0,43,0,21,2,5,1,0,3,101,1,44,10,0,0,0,85,12,0,0,0,9,1,86
2016-04,TLAXCALA,29,0,0,0,0,0,0,0,3,1,1,5,2,1,16,0,11,5,0,1,0,3,0,1,0,0,0,1,5
2016-04,VERACRUZ,30,0,0,0,0,0,1,2,19,5,2,35,0,6,219,8,43,9,5,22,2,28,9,1,7,0,3,2,38
2016-04,YUCATÁN,31,0,0,0,0,0,1,1,18,3,2,1,0,11,12,0,6,12,1,2,0,4,0,0,0,0,0,1,7
2016-04,ZACATECAS,32,0,0,0,1,1,1,0,5,0,0,12,3,0,21,1,9,1,0,2,0,10,1,0,0,0,0,0,8
2016-04,EXTRANJERO,33,0,0,0,0,0,0,1,1,0,1,0,0,2,1,0,3,0,0,0,0,0,0,1,0,0,0,0,0
2016-05,AGUASCALIENTES,1,1,2,0,0,0,1,0,2,0,1,4,2,1,7,1,1,2,1,1,0,3,0,0,0,0,0,1,15
2016-05,BAJA CALIFORNIA,2,1,9,1,43,0,33,4,10,10,0,1,5,13,58,0,13,21,6,2,1,111,4,63,1,0,0,6,7
2016-05,BAJA CALIFORNIA SUR,3,0,1,0,8,0,1,1,7,6,0,3,1,1,6,0,2,3,9,2,0,6,0,6,1,0,1,0,13
2016-05,CAMPECHE,4,0,0,0,0,0,1,0,0,1,0,0,0,0,5,1,1,1,1,0,0,2,0,0,0,0,0,0,3
2016-05,COAHUILA,5,0,2,0,0,0,10,0,8,2,3,1,3,2,16,0,7,4,1,0,0,14,4,0,1,0,2,0,27
2016-05,COLIMA,6,2,0,0,0,1,0,2,9,0,1,0,1,4,5,0,10,0,5,0,0,16,0,0,0,0,1,0,11
2016-05,CHIAPAS,7,14,0,0,0,0,0,3,12,3,1,7,8,9,14,1,60,3,1,24,0,8,16,4,0,0,0,0,15
2016-05,CHIHUAHUA,8,1,0,0,7,0,13,2,11,1,0,12,4,3,29,0,13,46,3,1,0,54,0,2,1,0,2,9,22
2016-05,DISTRITO FEDERAL,9,2,0,0,0,0,1,24,140,0,3,51,90,143,310,1,109,44,84,0,3,72,0,4,1,0,13,272,122
2016-05,DURANGO,10,3,5,0,1,0,1,0,6,3,5,7,3,7,15,0,9,4,0,3,0,17,0,0,0,0,1,0,11
2016-05,GUANAJUATO,11,0,0,0,0,0,14,2,7,1,4,3,0,5,143,0,8,7,5,10,1,89,2,1,0,0,0,4,22
2016-05,GUERRERO,12,0,1,0,1,0,6,15,10,0,1,0,1,9,16,11,14,2,2,0,1,75,0,0,0,0,12,0,30
2016-05,HIDALGO,13,0,0,0,0,0,0,0,4,0,1,22,0,4,62,0,21,0,0,1,0,7,0,0,0,0,3,1,6
2016-05,JALISCO,14,0,2,0,1,0,32,14,9,15,2,3,1,14,54,4,16,26,20,1,3,104,0,2,0,0,4,6,25
2016-05,MÉXICO,15,8,0,0,0,0,5,2,19,13,4,7,8,9,115,1,20,14,14,5,0,78,5,3,3,0,3,0,62
2016-05,MICHOACÁN,16,5,5,0,6,0,10,11,12,6,0,3,1,9,73,4,29,2,3,6,0,48,0,12,5,0,3,0,29
2016-05,MORELOS,17,0,1,0,0,0,0,0,10,7,0,1,2,3,16,5,12,3,0,20,2,32,0,0,0,0,4,4,13
2016-05,NAYARIT,18,1,0,0,0,0,2,0,2,0,1,1,0,2,3,0,2,3,0,0,0,6,0,0,0,0,0,0,35
2016-05,NUEVO LEÓN,19,7,0,0,1,0,5,0,39,1,1,1,1,8,39,0,8,11,27,0,0,21,2,4,0,0,3,7,22
2016-05,OAXACA,20,1,3,0,2,0,0,3,15,4,6,19,1,3,22,0,12,3,0,23,0,51,3,1,0,0,1,0,28
2016-05,PUEBLA,21,0,1,0,1,0,2,2,23,2,3,37,3,7,101,3,25,5,1,5,0,34,2,0,2,0,0,1,8
2016-05,QUERÉTARO,22,0,4,0,3,0,1,1,9,2,1,2,41,7,53,0,4,3,13,2,0,24,1,0,0,0,0,0,13
2016-05,QUINTANA ROO,23,0,3,0,0,0,3,2,5,7,0,25,3,6,21,1,5,3,4,0,0,10,0,4,0,0,1,12,6
2016-05,SAN LUIS POTOSÍ,24,1,8,0,0,0,0,0,3,2,0,0,1,2,22,3,5,3,0,2,0,16,5,0,0,0,0,1,9
2016-05,SINALOA,25,6,4,0,2,0,13,2,27,1,0,14,3,3,21,1,10,4,0,2,0,42,0,1,0,0,1,0,14
2016-05,SONORA,26,9,17,0,0,0,35,2,9,1,4,10,0,2,40,1,17,21,6,0,0,42,3,13,0,0,0,1,41
2016-05,TABASCO,27,0,1,0,1,0,2,0,7,1,1,3,0,7,28,3,14,6,0,2,0,11,8,1,0,0,4,1,8
2016-05,TAMAULIPAS,28,0,1,0,4,0,34,1,28,0,9,10,1,4,119,0,37,26,0,0,0,95,15,0,0,0,13,1,76
2016-05,TLAXCALA,29,1,0,0,0,0,0,0,2,3,0,3,1,1,14,0,6,1,0,2,0,6,2,0,0,0,0,0,3
2016-05,VERACRUZ,30,0,0,0,2,0,1,0,18,2,1,59,0,2,85,0,34,10,2,15,0,11,2,0,1,0,1,0,46
2016-05,YUCATÁN,31,0,1,0,0,0,1,1,9,10,1,0,1,7,33,0,3,3,2,3,0,2,2,1,0,0,0,1,12
2016-05,ZACATECAS,32,0,0,0,0,0,1,0,11,1,0,18,1,1,15,1,10,3,0,7,0,16,0,0,0,0,0,0,6
2016-05,EXTRANJERO,33,0,0,0,0,0,0,0,0,0,3,0,0,1,1,0,8,0,0,0,0,0,0,0,0,0,0,0,2
2016-06,AGUASCALIENTES,1,1,1,0,0,0,1,0,2,0,0,1,3,4,6,0,4,1,1,1,0,6,0,0,0,0,0,0,21
2016-06,BAJA CALIFORNIA,2,2,2,0,13,0,35,5,17,0,2,4,2,16,99,3,24,10,4,2,0,88,2,15,0,0,1,5,30
2016-06,BAJA CALIFORNIA SUR,3,2,3,0,0,0,1,1,3,1,0,4,0,0,4,0,1,2,1,4,0,12,0,2,0,0,0,0,5
2016-06,CAMPECHE,4,0,0,0,1,0,0,0,0,1,0,0,0,4,4,2,2,0,0,6,0,2,1,1,0,0,0,0,8
2016-06,COAHUILA,5,0,3,0,0,0,5,2,12,0,2,0,0,2,29,1,6,11,0,5,0,18,10,1,0,0,1,0,22
2016-06,COLIMA,6,0,0,0,0,0,0,0,4,6,1,1,1,2,9,0,4,3,3,2,0,12,0,0,0,0,1,0,5
2016-06,CHIAPAS,7,5,0,0,0,0,0,6,20,5,2,1,11,9,12,1,52,4,0,15,0,10,10,0,1,0,0,1,20
2016-06,CHIHUAHUA,8,1,1,0,4,0,21,1,23,5,4,9,5,4,22,1,25,35,1,0,0,50,1,2,1,0,1,10,26
2016-06,DISTRITO FEDERAL,9,1,1,0,1,0,2,21,105,2,4,50,176,173,269,5,146,66,133,0,4,74,4,4,0,0,21,424,125
2016-06,DURANGO,10,2,0,0,0,0,1,2,8,5,0,5,1,2,13,0,9,4,0,1,0,21,0,0,0,0,1,0,6
2016-06,GUANAJUATO,11,1,0,0,0,0,9,0,7,1,1,1,1,6,175,0,21,2,3,7,0,63,0,2,0,0,0,2,40
2016-06,GUERRERO,12,3,0,0,3,0,6,5,10,3,3,1,1,8,21,9,26,1,0,0,1,34,0,0,0,0,4,1,51
2016-06,HIDALGO,13,1,0,0,0,0,0,0,4,7,2,19,1,5,77,2,18,2,1,6,0,19,0,0,1,0,0,0,9
2016-06,JALISCO,14,4,1,0,4,0,21,13,23,5,2,2,1,24,150,4,36,24,62,2,2,52,0,1,1,0,6,8,68
2016-06,MÉXICO,15,0,0,0,0,0,5,0,20,8,2,3,7,11,152,3,27,19,21,1,0,84,3,2,0,0,5,2,103
2016-06,MICHOACÁN,16,1,6,0,2,0,10,6,24,13,0,1,2,2,62,0,21,8,3,10,0,62,0,6,1,0,3,3,38
2016-06,MORELOS,17,0,0,1,0,0,2,0,3,1,0,0,4,6,18,11,18,6,0,19,1,24,0,0,1,0,2,0,5
2016-06,NAYARIT,18,0,0,0,0,0,0,0,8,2,0,3,0,1,5,0,2,3,0,5,0,1,0,0,1,0,0,0,33
2016-06,NUEVO LEÓN,19,3,2,0,0,0,4,2,47,3,2,4,1,5,59,5,12,15,44,2,0,30,10,6,0,0,1,6,32
2016-06,OAXACA,20,0,0,0,0,0,0,3,9,5,7,19,1,4,18,0,26,1,0,63,0,31,1,0,0,0,0,0,32
2016-06,PUEBLA,21,0,1,0,0,0,2,2,8,4,3,32,6,4,106,0,23,26,0,10,0,32,2,1,1,0,1,1,12
2016-06,QUERÉTARO,22,0,2,0,3,0,7,3,5,4,1,3,37,5,45,0,5,2,17,3,0,12,0,1,0,0,0,4,13
2016-06,QUINTANA ROO,23,1,3,0,0,0,1,2,7,20,1,38,2,4,18,1,10,7,0,1,0,4,0,2,0,0,0,5,10
2016-06,SAN LUIS POTOSÍ,24,2,8,0,0,0,0,1,7,4,0,1,3,5,24,0,3,6,0,6,1,23,6,0,0,0,0,0,13
2016-06,SINALOA,25,8,6,1,0,0,5,4,25,1,2,8,0,9,18,1,17,8,0,1,0,27,0,3,1,0,3,2,10
2016-06,SONORA,26,5,14,0,0,0,32,1,23,2,0,9,2,3,36,4,21,29,5,0,0,31,1,10,1,0,2,3,55
2016-06,TABASCO,27,0,0,0,0,0,1,1,13,1,0,1,1,3,51,1,20,3,0,12,0,7,6,3,1,0,0,0,8
2016-06,TAMAULIPAS,28,1,0,0,0,0,25,2,19,3,6,5,0,4,100,0,29,18,0,0,0,73,15,1,0,0,12,6,112
2016-06,TLAXCALA,29,0,0,0,0,0,0,0,1,7,1,16,0,2,25,0,7,3,0,3,0,3,1,0,0,0,0,1,2
2016-06,VERACRUZ,30,0,0,0,0,0,0,2,32,3,3,62,0,16,119,3,80,9,0,16,0,10,2,0,0,0,5,2,53
2016-06,YUCATÁN,31,0,4,0,0,0,0,3,8,10,1,0,0,4,12,0,3,6,6,0,0,1,0,0,0,0,0,0,30
2016-06,ZACATECAS,32,2,1,0,0,0,2,0,5,0,0,13,0,3,15,1,6,4,1,4,0,13,2,0,0,0,0,0,11
2016-06,EXTRANJERO,33,0,0,0,0,0,0,0,1,0,2,0,0,0,3,0,5,0,0,0,0,0,0,0,0,0,1,0,2
2016-07,AGUASCALIENTES,1,1,0,0,0,0,4,0,0,3,0,1,1,3,10,0,2,3,5,2,0,9,0,0,0,0,0,1,12
2016-07,BAJA CALIFORNIA,2,4,2,0,1,0,31,14,5,5,0,5,4,6,69,3,21,7,5,2,0,62,2,3,0,0,1,4,6
2016-07,BAJA CALIFORNIA SUR,3,0,0,0,2,0,6,0,11,2,1,0,0,2,5,0,2,2,0,0,0,10,0,3,0,0,3,0,3
2016-07,CAMPECHE,4,0,1,0,0,0,0,0,1,7,1,0,0,2,20,4,4,0,0,8,0,0,0,0,1,0,1,0,8
2016-07,COAHUILA,5,0,0,0,1,0,7,0,3,0,1,0,1,2,23,0,12,10,1,1,0,15,5,1,0,0,0,0,19
2016-07,COLIMA,6,2,0,0,0,0,0,3,1,7,1,1,0,8,12,0,8,3,5,3,0,11,0,0,2,0,0,0,1
2016-07,CHIAPAS,7,10,0,0,0,0,0,2,9,8,0,3,9,7,13,0,43,2,1,16,0,15,6,3,0,0,0,0,22
2016-07,CHIHUAHUA,8,2,0,0,4,0,18,1,16,7,3,4,5,5,20,0,21,26,1,0,1,46,0,3,0,0,0,7,34
2016-07,DISTRITO FEDERAL,9,1,1,0,2,0,0,20,50,6,6,30,167,36,116,5,108,10,130,0,0,72,0,5,0,0,4,13,61
2016-07,DURANGO,10,3,1,0,1,0,0,1,5,0,0,5,1,4,13,0,5,6,0,1,0,14,1,0,0,0,0,1,1
2016-07,GUANAJUATO,11,0,0,0,1,0,14,2,3,5,0,0,1,3,153,0,14,4,6,2,0,68,0,2,1,0,1,0,11
2016-07,GUERRERO,12,6,0,0,0,0,2,9,15,2,0,1,0,1,10,0,6,1,0,12,0,33,0,3,0,0,1,0,14
2016-07,HIDALGO,13,0,0,0,0,0,0,0,5,5,1,6,3,4,66,2,2,0,1,14,0,16,0,1,0,0,0,0,7
2016-07,JALISCO,14,10,0,0,0,0,20,15,8,10,7,5,0,11,83,0,15,21,56,8,0,43,0,3,3,0,3,5,15
2016-07,MÉXICO,15,6,1,0,0,0,1,0,31,10,10,1,11,25,156,5,19,34,37,8,0,64,2,6,0,0,1,2,36
2016-07,MICHOACÁN,16,1,5,0,4,0,6,6,28,6,2,0,0,8,63,0,22,11,2,29,0,58,0,1,0,0,3,6,11
2016-07,MORELOS,17,0,0,0,1,0,4,0,3,1,2,0,0,0,12,0,8,0,0,17,0,19,0,0,1,0,0,0,4
2016-07,NAYARIT,18,0,0,0,0,1,1,1,8,1,0,0,1,0,2,0,2,2,1,4,0,1,0,0,0,0,1,1,9
2016-07,NUEVO LEÓN,19,0,3,0,0,0,9,1,29,1,1,3,5,10,32,0,19,16,53,1,0,33,5,3,0,0,0,6,28
2016-07,OAXACA,20,0,2,0,0,0,0,1,4,0,4,15,1,0,14,0,7,0,0,43,1,29,2,0,0,0,0,0,14
2016-07,PUEBLA,21,2,1,0,1,0,0,2,4,9,6,109,3,3,109,0,16,8,1,8,0,32,0,2,2,0,1,1,6
2016-07,QUERÉTARO,22,1,3,0,7,4,2,0,2,0,1,2,62,5,30,0,4,1,16,3,0,10,0,1,1,0,0,1,18
2016-07,QUINTANA ROO,23,3,0,0,3,0,6,2,5,16,0,36,0,11,6,0,5,12,1,0,0,5,0,7,0,0,0,2,0
2016-07,SAN LUIS POTOSÍ,24,2,5,0,0,0,2,4,3,3,2,1,3,3,24,0,8,18,0,4,0,25,2,1,0,0,1,1,11
2016-07,SINALOA,25,0,6,1,2,0,4,5,8,2,2,3,1,5,14,1,8,3,0,3,1,21,0,0,0,0,2,1,12
2016-07,SONORA,26,5,5,0,0,0,24,5,6,3,0,6,0,6,26,2,11,44,7,3,0,39,1,7,2,0,0,1,20
2016-07,TABASCO,27,0,0,1,0,1,0,0,3,2,3,0,0,5,33,0,13,1,0,5,1,9,0,2,1,0,2,0,7
2016-07,TAMAULIPAS,28,4,1,0,0,0,10,2,9,0,5,5,0,1,79,1,18,8,1,2,0,47,6,2,0,0,7,0,3
2016-07,TLAXCALA,29,1,0,0,0,0,1,0,4,0,0,10,1,0,17,0,6,1,0,5,0,4,0,0,0,0,0,0,10
2016-07,VERACRUZ,30,0,0,0,0,0,0,0,10,2,2,66,0,7,117,0,40,11,1,16,0,21,5,0,2,1,3,2,13
2016-07,YUCATÁN,31,0,3,0,0,0,0,4,5,6,1,0,1,4,13,1,3,3,4,0,0,0,0,0,0,0,0,0,32
2016-07,ZACATECAS,32,0,1,0,0,0,2,0,1,0,0,5,1,2,16,0,4,2,0,4,0,11,2,0,0,0,0,0,4
2016-07,EXTRANJERO,33,0,0,0,0,0,0,0,0,0,1,0,0,0,1,0,6,0,0,0,0,0,0,0,0,1,0,0,3
2016-08,AGUASCALIENTES,1,0,0,0,0,0,6,0,4,0,0,24,2,2,8,0,0,2,1,9,0,13,0,1,0,0,1,1,14
2016-08,BAJA CALIFORNIA,2,1,0,0,3,0,23,15,4,2,2,8,0,10,51,1,8,5,1,3,0,88,1,4,1,0,1,1,9
2016-08,BAJA CALIFORNIA SUR,3,1,1,0,5,0,2,0,10,4,2,2,0,1,3,0,0,0,0,0,0,6,0,1,0,0,1,0,8
2016-08,CAMPECHE,4,1,0,0,0,0,0,1,0,3,0,1,0,1,6,3,2,0,0,5,0,2,1,1,0,0,0,0,2
2016-08,COAHUILA,5,0,5,2,0,1,6,5,9,0,5,1,0,4,17,0,4,5,2,2,0,7,7,0,0,0,1,0,26
2016-08,COLIMA,6,4,1,0,0,0,2,0,6,2,1,0,2,5,16,0,9,0,3,2,0,19,0,0,0,0,0,0,25
2016-08,CHIAPAS,7,10,0,0,0,0,1,0,15,9,0,3,12,17,7,0,33,5,1,53,0,16,5,4,0,0,0,0,22
2016-08,CHIHUAHUA,8,3,0,0,1,0,14,2,10,1,3,9,5,8,18,1,16,33,3,1,0,24,2,7,1,0,0,5,22
2016-08,DISTRITO FEDERAL,9,3,0,0,0,0,2,26,43,4,11,272,163,52,250,2,64,12,144,0,1,71,0,6,0,0,6,40,46
2016-08,DURANGO,10,0,2,0,1,0,0,0,12,3,2,20,0,1,17,0,6,2,1,2,0,12,0,0,0,0,0,1,4
2016-08,GUANAJUATO,11,1,1,0,1,0,6,2,5,4,2,2,1,2,134,0,15,4,6,8,1,72,2,1,0,0,0,0,16
2016-08,GUERRERO,12,5,0,0,0,0,1,36,6,2,4,5,0,3,14,1,4,5,0,5,0,37,0,2,0,0,11,0,24
2016-08,HIDALGO,13,1,0,0,0,0,0,1,2,6,1,5,0,4,80,0,3,4,1,0,0,17,1,1,0,0,0,0,3
2016-08,JALISCO,14,10,1,0,0,0,19,37,12,5,3,0,1,7,70,2,3,9,36,5,0,37,1,1,0,0,2,6,23
2016-08,MÉXICO,15,9,0,0,0,0,7,2,33,9,8,10,10,18,227,2,37,11,53,104,0,84,2,2,2,0,6,9,64
2016-08,MICHOACÁN,16,0,1,0,1,1,13,7,16,7,2,6,1,6,73,0,20,8,2,5,0,45,0,3,0,0,7,0,36
2016-08,MORELOS,17,0,0,0,1,0,1,0,2,3,0,1,1,3,22,1,5,1,0,17,0,21,0,0,0,0,0,0,7
2016-08,NAYARIT,18,0,0,0,0,0,0,0,1,2,0,1,0,0,1,0,0,0,0,0,0,1,0,0,0,0,0,0,5
2016-08,NUEVO LEÓN,19,0,2,1,3,3,4,0,11,2,0,11,3,2,34,0,8,4,27,1,0,41,11,0,0,0,2,0,32
2016-08,OAXACA,20,0,0,0,0,0,0,0,34,3,4,12,0,4,17,0,32,1,0,26,0,35,4,0,0,0,1,0,24
2016-08,PUEBLA,21,5,0,0,0,0,6,2,3,1,1,74,2,6,105,0,21,15,2,7,0,44,2,5,0,0,0,4,17
2016-08,QUERÉTARO,22,0,2,0,2,0,6,0,4,1,0,2,60,0,49,0,6,0,14,1,0,19,0,1,0,0,0,0,16
2016-08,QUINTANA ROO,23,2,0,0,1,0,5,11,4,6,3,40,0,6,23,1,8,4,8,0,0,6,0,7,0,0,0,3,7
2016-08,SAN LUIS POTOSÍ,24,0,6,0,0,0,3,1,5,4,0,0,2,2,17,0,3,12,1,3,0,21,0,1,0,0,0,0,10
2016-08,SINALOA,25,5,3,0,0,1,6,0,12,2,2,2,2,3,14,0,16,7,0,1,0,24,0,2,0,0,6,2,10
2016-08,SONORA,26,4,3,0,0,0,15,9,16,2,1,1,0,2,34,2,11,31,5,3,0,25,0,3,0,0,1,0,18
2016-08,TABASCO,27,0,0,0,0,0,0,0,3,2,1,1,0,2,38,0,15,3,1,4,0,16,9,1,0,0,2,0,5
2016-08,TAMAULIPAS,28,1,1,0,0,0,12,2,18,1,4,5,0,5,92,1,11,11,1,4,0,57,6,3,0,0,5,2,75
2016-08,TLAXCALA,29,0,0,0,1,0,0,1,1,1,0,26,2,1,18,0,3,2,0,1,0,9,0,0,1,0,0,0,2
2016-08,VERACRUZ,30,0,2,0,0,1,0,0,5,2,3,48,0,9,83,0,56,23,3,21,0,15,6,1,0,0,1,0,31
2016-08,YUCATÁN,31,0,1,0,0,0,0,3,5,12,0,2,0,4,7,0,4,2,1,0,0,3,2,0,0,0,0,0,17
2016-08,ZACATECAS,32,0,0,0,0,0,1,0,2,0,0,14,1,2,14,0,5,2,0,4,0,12,0,1,1,0,0,0,5
2016-08,EXTRANJERO,33,0,0,0,0,0,0,2,0,0,1,0,0,0,1,0,1,0,0,0,0,1,1,0,0,0,1,0,1
2016-09,AGUASCALIENTES,1,0,1,0,0,0,5,0,1,0,0,3,0,5,2,4,4,3,1,7,0,12,0,0,0,0,0,1,11
2016-09,BAJA CALIFORNIA,2,0,3,0,0,0,28,6,4,7,2,1,2,8,44,0,3,7,4,0,0,81,0,5,1,0,0,2,7
2016-09,BAJA CALIFORNIA SUR,3,1,3,0,1,0,3,0,5,7,3,1,0,0,10,0,2,10,2,0,0,11,0,0,0,0,0,0,1
2016-09,CAMPECHE,4,0,0,0,0,0,1,0,2,17,1,1,1,0,14,0,7,4,0,2,0,5,0,0,0,0,0,0,3
2016-09,COAHUILA,5,0,2,0,1,0,4,1,6,0,2,1,0,7,15,0,14,11,0,3,0,8,8,1,0,0,0,3,27
2016-09,COLIMA,6,0,0,1,0,0,7,0,1,1,1,0,0,5,9,0,3,0,0,0,0,15,0,1,1,0,0,0,4
2016-09,CHIAPAS,7,8,0,0,0,0,0,0,10,5,0,4,10,12,8,0,20,3,2,15,0,9,15,2,0,0,0,1,14
2016-09,CHIHUAHUA,8,4,0,0,2,0,21,4,10,3,1,3,0,7,21,0,14,20,1,0,0,36,1,5,1,0,2,3,16
2016-09,DISTRITO FEDERAL,9,3,1,0,1,0,6,24,48,3,3,176,111,95,123,0,80,14,117,0,0,64,1,7,0,0,3,243,54
2016-09,DURANGO,10,1,2,0,0,0,2,0,7,3,4,4,0,2,13,0,12,1,0,5,1,13,0,0,0,0,0,0,9
2016-09,GUANAJUATO,11,0,0,0,2,1,11,1,5,2,3,1,1,4,190,0,25,11,4,4,1,86,1,2,0,0,0,0,19
2016-09,GUERRERO,12,5,0,0,0,0,0,28,9,1,2,2,1,5,15,0,6,2,0,5,0,36,1,0,0,0,7,0,14
2016-09,HIDALGO,13,1,1,0,0,0,3,2,3,2,0,0,0,5,86,0,3,5,2,5,0,15,0,0,0,0,0,1,4
2016-09,JALISCO,14,50,0,0,0,0,7,17,10,3,2,4,7,4,64,0,11,14,70,6,1,56,0,1,0,0,2,3,13
2016-09,MÉXICO,15,10,0,0,0,0,10,4,27,14,6,8,14,22,158,2,27,9,16,50,0,66,7,1,7,0,3,10,32
2016-09,MICHOACÁN,16,1,1,0,2,1,14,1,26,3,0,3,1,8,51,0,13,4,3,2,0,75,0,4,0,0,2,0,17
2016-09,MORELOS,17,0,0,0,0,0,0,0,2,2,0,5,4,13,24,1,23,15,0,45,0,28,0,0,5,0,3,0,11
2016-09,NAYARIT,18,2,2,0,2,0,0,1,6,2,1,0,0,0,2,0,2,4,0,1,0,3,0,0,0,0,0,0,4
2016-09,NUEVO LEÓN,19,2,4,0,5,0,4,1,30,3,2,7,3,11,42,0,10,8,30,2,0,32,8,8,2,0,0,2,33
2016-09,OAXACA,20,1,3,0,0,0,0,3,9,6,2,6,0,1,27,0,12,2,0,14,1,27,5,0,0,0,0,15,26
2016-09,PUEBLA,21,1,0,0,0,0,1,0,1,1,2,38,7,7,132,0,21,6,2,7,1,40,1,3,2,0,0,2,13
2016-09,QUERÉTARO,22,3,4,0,3,0,3,0,4,3,0,1,35,10,37,0,1,1,9,1,0,15,0,0,0,0,0,18,10
2016-09,QUINTANA ROO,23,3,1,1,0,0,4,3,7,24,1,48,3,11,25,0,11,10,5,0,0,13,0,8,0,0,0,4,14
2016-09,SAN LUIS POTOSÍ,24,0,1,0,0,0,5,0,1,1,0,1,2,3,26,1,3,5,0,4,0,24,5,0,0,0,0,0,5
2016-09,SINALOA,25,4,4,0,3,0,4,0,14,3,3,2,2,13,28,0,7,5,2,2,0,35,0,0,1,0,3,1,12
2016-09,SONORA,26,12,5,1,0,0,23,3,6,1,2,15,0,5,29,0,11,30,4,4,0,37,2,1,1,0,3,1,4
2016-09,TABASCO,27,0,0,0,0,0,0,0,4,2,1,0,0,2,29,2,19,3,2,10,0,10,3,3,0,0,0,0,4
2016-09,TAMAULIPAS,28,0,0,0,1,0,11,0,8,0,4,2,0,3,63,1,15,8,1,2,2,62,7,0,1,0,2,1,28
2016-09,TLAXCALA,29,0,0,0,0,0,0,0,2,1,2,12,0,0,19,1,12,0,1,2,0,2,0,0,1,0,0,0,4
2016-09,VERACRUZ,30,0,2,0,0,0,0,1,9,3,1,40,0,2,120,2,43,6,2,38,0,25,1,2,2,0,1,0,29
2016-09,YUCATÁN,31,0,0,0,0,0,1,1,5,7,2,1,3,4,7,0,3,3,4,2,0,2,1,0,0,0,0,0,10
2016-09,ZACATECAS,32,0,2,0,0,0,0,0,1,1,0,6,0,0,8,4,3,3,0,0,1,12,0,0,0,0,0,0,4
2016-09,EXTRANJERO,33,1,0,0,0,0,0,1,0,0,2,0,0,0,0,0,3,0,0,0,0,1,0,0,0,0,0,0,1
2016-10,AGUASCALIENTES,1,0,0,0,0,0,4,0,2,0,0,0,2,1,4,3,3,3,0,1,0,13,0,2,0,0,0,2,6
2016-10,BAJA CALIFORNIA,2,0,5,0,22,0,7,5,3,2,0,4,0,6,57,0,8,18,7,0,0,80,0,8,1,0,2,3,5
2016-10,BAJA CALIFORNIA SUR,3,0,3,0,2,0,6,0,3,4,0,0,0,3,7,0,1,2,2,0,0,9,0,2,0,0,0,1,3
2016-10,CAMPECHE,4,0,0,0,0,0,0,0,1,5,0,1,0,0,3,0,2,0,1,2,1,2,0,0,0,0,0,0,5
2016-10,COAHUILA,5,0,1,0,4,0,6,1,7,0,0,4,0,0,20,0,14,5,0,3,1,8,3,0,0,0,1,0,25
2016-10,COLIMA,6,0,0,3,0,0,3,0,3,7,1,0,0,1,12,3,4,7,3,0,0,11,0,0,2,0,0,1,16
2016-10,CHIAPAS,7,8,0,0,0,0,0,1,12,6,0,6,10,5,6,0,37,3,1,39,0,14,19,1,1,0,1,1,19
2016-10,CHIHUAHUA,8,2,1,1,4,0,19,7,5,1,1,0,0,3,25,0,32,27,1,7,0,54,0,6,1,0,3,10,13
2016-10,DISTRITO FEDERAL,9,5,6,0,0,0,6,16,79,2,1,192,8,102,234,0,125,27,94,0,2,67,0,2,1,0,6,306,49
2016-10,DURANGO,10,2,3,0,0,0,0,2,25,5,2,5,0,5,19,0,20,14,0,2,0,11,1,0,0,0,0,1,6
2016-10,GUANAJUATO,11,2,0,0,1,0,8,0,2,1,0,1,3,3,168,0,18,2,7,25,0,83,1,0,0,0,2,1,7
2016-10,GUERRERO,12,4,0,0,0,0,3,24,8,7,0,2,0,5,10,0,9,7,0,8,0,36,0,2,0,0,5,0,6
2016-10,HIDALGO,13,0,0,0,0,0,1,2,1,1,0,6,4,5,87,0,6,1,0,5,0,18,2,0,0,0,0,2,7
2016-10,JALISCO,14,5,0,0,2,0,10,26,3,0,0,3,4,11,69,0,33,13,17,1,0,51,0,0,17,0,3,4,10
2016-10,MÉXICO,15,8,0,0,0,0,0,0,32,4,0,10,11,11,181,1,35,13,29,28,2,77,8,11,0,0,5,11,50
2016-10,MICHOACÁN,16,9,0,0,2,0,18,11,30,8,0,0,1,6,54,2,22,3,9,17,0,74,0,5,1,0,0,7,14
2016-10,MORELOS,17,0,0,0,0,0,2,0,9,0,1,2,1,2,25,0,4,5,0,24,0,14,0,0,0,0,0,0,12
2016-10,NAYARIT,18,0,0,2,0,0,1,0,12,2,0,1,0,2,3,0,7,2,0,1,0,1,0,0,2,0,0,0,4
2016-10,NUEVO LEÓN,19,0,3,0,0,0,4,2,15,1,0,3,2,13,52,1,19,11,13,2,0,38,10,4,0,0,2,6,43
2016-10,OAXACA,20,0,1,0,0,0,1,0,5,4,0,4,0,1,18,0,21,1,0,29,1,38,3,0,1,0,0,2,7
2016-10,PUEBLA,21,4,1,0,1,0,3,0,2,1,0,48,2,6,107,0,21,12,3,8,1,36,1,3,3,0,1,0,10
2016-10,QUERÉTARO,22,0,0,0,6,0,0,1,5,4,0,3,4,5,41,1,10,3,2,0,0,23,0,3,0,0,0,46,8
2016-10,QUINTANA ROO,23,0,2,0,0,0,7,2,3,13,1,45,0,2,17,1,8,9,3,0,0,9,1,6,0,0,0,0,11
2016-10,SAN LUIS POTOSÍ,24,0,0,0,0,0,4,0,0,13,0,0,2,2,53,0,30,18,0,2,0,20,1,0,0,0,0,1,2
2016-10,SINALOA,25,13,0,0,0,0,2,3,22,2,2,1,2,12,44,2,8,8,1,1,0,44,0,0,0,0,2,0,11
2016-10,SONORA,26,9,13,0,0,0,22,3,15,0,0,3,0,4,29,2,20,31,3,1,0,44,2,5,1,0,2,0,17
2016-10,TABASCO,27,0,0,0,0,0,0,0,5,3,1,1,0,7,40,0,29,3,1,18,0,18,11,3,0,0,0,0,9
2016-10,TAMAULIPAS,28,0,0,0,0,0,19,0,10,0,0,4,4,2,59,0,33,11,2,3,6,64,8,0,0,0,2,1,6
2016-10,TLAXCALA,29,0,0,0,0,0,0,0,4,5,0,3,1,0,22,5,7,5,0,2,0,5,0,0,0,0,0,0,4
2016-10,VERACRUZ,30,0,0,0,0,0,0,0,32,1,0,44,0,8,135,1,40,13,0,28,0,21,5,1,0,0,4,0,11
2016-10,YUCATÁN,31,0,2,0,1,0,0,1,4,6,4,0,1,5,19,1,1,4,2,0,0,3,1,0,0,0,0,0,17
2016-10,ZACATECAS,32,1,1,0,0,0,3,0,1,1,0,2,0,2,23,1,7,6,0,1,0,19,0,0,0,0,0,0,4
2016-10,EXTRANJERO,33,0,1,1,0,0,0,0,0,0,4,0,0,1,2,0,11,0,0,0,0,0,0,0,0,0,1,0,1
2016-11,AGUASCALIENTES,1,0,4,0,0,0,8,0,1,4,0,3,6,0,3,5,1,5,2,1,0,12,0,0,0,0,0,2,11
2016-11,BAJA CALIFORNIA,2,0,13,1,11,0,13,3,2,3,0,4,1,11,67,2,22,11,3,0,0,60,1,1,0,0,1,0,20
2016-11,BAJA CALIFORNIA SUR,3,0,1,0,2,0,0,0,19,4,0,2,0,0,9,0,2,3,2,0,0,14,0,1,0,0,0,0,4
2016-11,CAMPECHE,4,0,0,0,1,0,0,0,4,6,0,3,0,4,4,0,1,1,0,5,0,6,0,0,0,0,1,0,4
2016-11,COAHUILA,5,0,2,1,1,0,1,5,13,10,0,4,0,4,19,0,5,7,0,1,0,10,4,0,0,0,0,1,14
2016-11,COLIMA,6,0,0,0,0,0,5,4,2,10,1,0,0,3,9,0,3,5,5,1,0,13,0,0,1,0,1,0,2
2016-11,CHIAPAS,7,10,0,0,0,0,0,1,13,4,0,5,11,9,10,0,38,4,1,137,0,16,10,3,1,0,0,0,16
2016-11,CHIHUAHUA,8,0,1,1,2,0,20,1,8,8,0,35,2,4,23,0,25,26,2,0,0,54,0,4,2,0,3,19,8
2016-11,DISTRITO FEDERAL,9,2,0,0,0,0,3,2,47,5,0,92,4,94,350,1,214,11,149,2,0,36,0,4,1,0,5,304,96
2016-11,DURANGO,10,6,8,0,0,0,3,1,6,0,0,2,0,4,8,0,24,0,0,1,0,23,2,0,0,0,0,0,5
2016-11,GUANAJUATO,11,2,1,0,2,0,11,2,0,0,0,3,2,6,174,1,39,5,4,4,2,82,1,2,0,0,0,1,28
2016-11,GUERRERO,12,5,0,0,0,0,2,38,9,12,1,1,0,4,15,0,8,2,0,1,0,25,0,1,0,0,4,0,14
2016-11,HIDALGO,13,0,1,0,0,0,1,1,1,6,0,14,2,2,67,0,4,3,3,5,1,23,2,0,2,0,0,2,2
2016-11,JALISCO,14,11,0,1,0,0,14,18,6,4,0,7,0,10,67,0,27,8,52,2,3,46,0,0,1,0,1,2,11
2016-11,MÉXICO,15,4,0,0,0,0,5,44,36,8,1,7,2,10,169,1,35,19,25,9,0,84,13,12,2,0,3,16,30
2016-11,MICHOACÁN,16,13,0,0,0,0,15,5,49,10,0,4,1,5,61,0,12,5,2,19,0,71,0,2,0,0,1,1,6
2016-11,MORELOS,17,0,0,0,0,0,1,1,8,0,2,2,0,4,15,0,4,3,0,11,0,16,0,1,0,0,0,0,8
2016-11,NAYARIT,18,1,1,0,0,0,0,0,7,2,0,0,2,1,1,0,3,1,0,2,0,2,0,0,0,0,0,0,3
2016-11,NUEVO LEÓN,19,9,0,0,0,0,4,0,18,8,1,1,0,6,58,1,9,5,16,2,0,51,22,2,0,0,2,3,34
2016-11,OAXACA,20,0,0,0,0,0,1,1,2,0,0,2,0,0,20,0,16,1,0,44,0,18,5,0,0,0,0,0,13
2016-11,PUEBLA,21,0,0,0,0,0,1,0,5,0,0,28,0,5,140,0,22,12,1,12,0,34,0,3,1,0,1,2,4
2016-11,QUERÉTARO,22,0,3,0,0,0,3,1,3,5,0,2,2,4,54,2,8,2,1,2,0,18,0,4,0,0,0,44,8
2016-11,QUINTANA ROO,23,2,3,0,0,0,12,2,7,8,0,42,0,4,44,1,7,10,0,0,1,10,1,3,0,0,0,1,12
2016-11,SAN LUIS POTOSÍ,24,0,2,0,0,0,0,0,23,3,0,0,1,14,25,0,9,10,0,8,0,16,0,0,12,0,0,1,2
2016-11,SINALOA,25,7,1,0,0,0,19,1,24,2,4,1,0,7,29,0,8,6,1,3,0,56,0,0,0,0,0,3,16
2016-11,SONORA,26,3,12,0,0,3,22,7,37,0,0,10,2,8,29,1,16,36,11,0,2,44,0,7,4,0,0,0,14
2016-11,TABASCO,27,0,1,0,0,0,0,0,5,14,0,0,0,2,37,1,26,10,0,4,0,14,2,1,0,0,1,0,15
2016-11,TAMAULIPAS,28,0,0,0,0,0,12,0,40,1,0,0,0,3,76,1,19,8,0,2,3,76,5,0,0,0,3,0,14
2016-11,TLAXCALA,29,0,0,0,0,0,0,1,3,0,0,19,1,2,25,0,3,0,0,0,0,5,1,0,1,0,1,0,3
2016-11,VERACRUZ,30,1,1,0,0,0,0,0,73,1,1,78,0,20,75,1,39,23,2,28,0,15,2,2,1,0,2,1,29
2016-11,YUCATÁN,31,0,2,0,1,1,0,0,4,2,0,6,0,2,10,0,2,0,0,2,0,3,0,2,0,0,0,0,2
2016-11,ZACATECAS,32,0,1,0,0,0,3,1,4,3,0,2,1,3,12,0,11,3,0,3,0,13,0,0,0,0,0,0,3
2016-11,EXTRANJERO,33,0,0,0,0,0,0,0,0,0,1,0,0,0,1,0,5,0,0,0,0,0,0,0,0,0,0,0,2
2016-12,AGUASCALIENTES,1,0,2,0,2,0,1,0,6,1,0,0,2,2,34,0,4,7,0,0,0,5,0,0,0,0,0,17,13
2016-12,BAJA CALIFORNIA,2,0,6,0,11,0,7,1,1,4,1,7,0,10,43,2,7,16,1,0,0,68,0,3,0,0,0,3,14
2016-12,BAJA CALIFORNIA SUR,3,0,1,0,0,0,2,0,1,0,0,0,0,1,2,0,16,7,0,0,0,13,0,1,0,0,0,0,7
2016-12,CAMPECHE,4,0,1,0,0,0,0,0,6,18,0,0,1,2,39,0,2,1,1,9,0,9,3,0,0,0,0,0,11
2016-12,COAHUILA,5,0,2,0,3,0,9,6,7,2,0,1,1,28,35,0,5,8,0,2,0,16,4,0,0,0,1,2,18
2016-12,COLIMA,6,0,1,0,0,0,1,2,3,2,1,0,0,2,10,5,3,4,3,1,0,12,0,1,0,0,0,0,3
2016-12,CHIAPAS,7,3,0,0,0,0,0,0,19,6,1,4,11,7,13,1,30,2,3,14,0,21,9,2,1,0,0,0,13
2016-12,CHIHUAHUA,8,2,1,0,2,0,30,0,3,2,1,15,0,10,19,0,13,15,3,1,0,72,4,2,1,0,2,4,12
2016-12,DISTRITO FEDERAL,9,2,9,0,0,0,4,4,32,2,1,29,6,200,510,0,287,14,159,3,0,65,0,4,4,0,2,578,98
2016-12,DURANGO,10,1,0,0,0,0,10,1,3,3,0,4,1,5,5,1,6,8,0,2,0,17,0,0,0,0,0,1,9
2016-12,GUANAJUATO,11,2,0,1,2,0,16,0,14,0,0,5,3,3,182,2,8,3,7,11,0,97,2,2,0,0,0,3,14
2016-12,GUERRERO,12,7,0,0,0,0,2,55,5,4,4,0,0,4,9,0,11,5,0,7,0,38,1,0,0,0,1,0,15
2016-12,HIDALGO,13,0,0,0,0,0,0,0,4,1,1,2,2,10,92,0,5,1,0,5,0,21,1,0,0,0,0,1,5
2016-12,JALISCO,14,5,2,0,2,0,11,11,6,2,1,2,0,10,66,0,26,14,28,5,0,53,0,3,1,0,0,5,6
2016-12,MÉXICO,15,23,0,0,0,0,5,1,20,5,0,8,5,11,138,1,28,7,17,14,0,73,5,6,0,0,1,17,30
2016-12,MICHOACÁN,16,5,1,0,0,0,9,3,39,8,0,1,0,5,57,1,7,7,2,7,0,93,0,4,0,1,2,0,7
2016-12,MORELOS,17,0,1,0,0,0,4,0,8,2,0,1,0,8,16,1,4,2,0,7,0,30,0,0,0,0,0,0,13
2016-12,NAYARIT,18,0,0,0,0,0,0,0,2,1,0,2,0,0,3,0,0,4,0,1,0,1,0,0,0,0,0,1,7
2016-12,NUEVO LEÓN,19,7,0,0,0,0,8,0,25,4,2,0,0,15,55,1,21,21,8,4,0,39,6,1,0,0,0,12,49
2016-12,OAXACA,20,2,0,0,0,0,1,4,15,2,1,5,0,2,31,0,22,14,0,35,0,35,8,0,0,0,0,0,10
2016-12,PUEBLA,21,0,0,0,0,0,1,0,2,1,0,4,2,7,147,1,30,11,1,8,1,24,2,5,3,0,0,0,13
2016-12,QUERÉTARO,22,1,1,0,0,0,9,1,2,3,0,0,0,0,46,0,10,4,1,0,1,26,1,0,0,0,0,47,11
2016-12,QUINTANA ROO,23,2,2,0,0,0,3,5,6,7,0,35,1,5,20,0,5,11,0,0,0,11,0,2,0,0,0,0,10
2016-12,SAN LUIS POTOSÍ,24,0,0,0,0,0,0,0,28,0,2,0,0,11,24,0,9,7,0,3,0,14,0,7,0,0,0,0,3
2016-12,SINALOA,25,6,1,0,0,0,2,2,17,2,5,1,0,3,43,1,4,7,0,2,0,34,0,3,0,0,1,2,6
2016-12,SONORA,26,6,11,0,0,1,25,2,13,1,0,4,0,5,37,1,11,37,6,1,0,42,2,9,0,0,0,2,26
2016-12,TABASCO,27,0,0,0,0,0,0,0,2,0,1,2,0,1,49,0,17,7,0,6,0,10,3,5,0,0,0,0,12
2016-12,TAMAULIPAS,28,0,0,0,0,0,15,0,27,3,0,1,0,5,64,2,10,19,0,0,1,39,3,0,0,0,2,0,14
2016-12,TLAXCALA,29,0,0,0,0,0,0,0,8,2,1,3,1,0,23,0,4,1,0,1,0,3,0,0,0,0,1,0,5
2016-12,VERACRUZ,30,1,4,0,0,0,0,0,39,0,0,10,1,4,117,0,26,12,0,24,0,23,3,1,0,0,2,0,14
2016-12,YUCATÁN,31,0,3,0,1,0,0,0,5,10,0,0,0,1,16,0,5,0,2,2,0,9,0,0,0,0,0,0,8
2016-12,ZACATECAS,32,0,0,3,2,0,0,0,5,0,0,7,1,5,5,0,10,2,0,5,0,12,0,0,0,0,0,0,3
2016-12,EXTRANJERO,33,0,0,0,0,0,0,0,0,1,0,0,0,0,2,0,4,0,0,0,0,0,0,0,0,0,0,0,0
2017-01,AGUASCALIENTES,1,0,0,0,8,0,7,0,0,0,0,2,4,4,4,0,3,0,0,1,0,19,0,1,0,0,1,3,15
2017-01,BAJA CALIFORNIA,2,0,12,1,8,0,9,0,4,3,0,10,1,4,52,0,17,4,0,13,0,80,1,2,0,1,0,2,14
2017-01,BAJA CALIFORNIA SUR,3,1,1,0,0,0,5,1,6,5,1,0,0,0,13,0,5,4,0,3,0,21,0,0,0,0,0,2,7
2017-01,CAMPECHE,4,0,0,0,0,0,0,0,1,3,0,0,2,0,2,0,2,1,0,0,0,2,0,0,0,0,0,0,5
2017-01,COAHUILA,5,1,7,1,2,0,4,1,6,0,0,5,0,2,17,1,23,5,4,2,0,13,6,0,0,0,0,1,31
2017-01,COLIMA,6,2,0,0,0,0,1,0,3,2,0,0,0,3,1,3,13,1,3,1,0,16,0,0,0,0,0,0,4
2017-01,CHIAPAS,7,13,0,0,0,0,0,1,8,2,0,13,9,5,18,0,31,1,3,35,0,8,6,2,0,0,0,0,24
2017-01,CHIHUAHUA,8,1,5,0,2,0,39,2,8,4,0,8,0,14,32,2,47,34,0,8,0,56,4,4,0,0,0,10,19
2017-01,CIUDAD DE MÉXICO ,9,0,21,0,3,0,7,5,43,1,0,100,4,31,298,1,142,12,40,0,0,59,0,4,0,0,4,502,67
2017-01,DURANGO,10,3,0,0,0,0,0,2,4,4,0,1,1,4,10,1,15,1,2,7,1,12,0,0,0,0,0,0,8
2017-01,GUANAJUATO,11,2,0,0,0,0,11,1,2,2,1,8,3,4,255,0,6,5,3,25,0,64,0,2,2,0,0,2,14
2017-01,GUERRERO,12,6,0,0,0,0,2,33,2,5,0,3,1,0,19,0,23,1,0,0,0,37,0,3,0,0,1,1,19
2017-01,HIDALGO,13,0,0,0,1,0,1,0,2,3,2,15,0,10,115,2,6,0,0,25,2,14,0,0,0,0,0,3,5
2017-01,JALISCO,14,12,0,0,1,0,4,20,8,1,1,2,0,15,56,0,39,6,15,8,0,62,0,6,10,0,1,9,24
2017-01,ESTADO DE MÉXICO ,15,13,1,0,0,0,6,4,19,9,1,46,2,19,161,1,34,7,4,41,0,73,4,11,0,0,2,9,40
2017-01,MICHOACÁN,16,6,3,0,2,0,17,6,24,4,0,2,0,7,56,0,25,4,0,7,0,86,0,5,0,1,3,1,22
2017-01,MORELOS,17,2,0,0,0,0,2,0,7,2,0,3,1,4,33,0,6,6,1,40,0,22,0,0,0,0,1,1,8
2017-01,NAYARIT,18,0,2,0,0,0,0,1,10,2,0,1,0,2,2,0,2,0,0,0,0,3,0,0,0,0,1,0,12
2017-01,NUEVO LEÓN,19,8,0,0,0,0,7,0,13,2,2,3,0,8,36,0,7,7,8,1,0,30,10,0,1,0,0,5,32
2017-01,OAXACA,20,0,0,0,1,0,0,0,2,1,0,70,0,2,28,0,43,2,0,56,0,27,5,1,0,0,0,0,16
2017-01,PUEBLA,21,2,1,0,1,0,1,0,2,2,0,16,1,6,181,0,31,3,1,19,0,16,0,0,2,0,0,1,6
2017-01,QUERÉTARO,22,1,9,0,1,0,16,0,3,0,1,1,1,3,46,4,35,4,1,0,0,30,0,0,0,0,0,62,7
2017-01,QUINTANA ROO,23,0,3,0,0,0,4,4,4,2,1,33,2,4,6,0,4,5,1,4,0,14,0,4,0,0,0,0,8
2017-01,SAN LUIS POTOSÍ,24,5,0,0,0,0,1,1,4,0,0,1,1,5,27,0,8,2,0,2,0,13,1,0,2,0,1,1,8
2017-01,SINALOA,25,9,6,0,0,1,15,9,15,3,2,2,0,1,72,1,11,9,1,4,0,61,0,4,0,0,1,2,5
2017-01,SONORA,26,0,9,0,0,0,33,1,2,0,0,9,0,5,57,19,16,33,5,5,0,34,1,8,0,0,0,4,18
2017-01,TABASCO,27,0,0,0,0,0,0,0,5,1,0,0,0,2,67,1,10,4,2,12,0,11,7,14,0,0,0,1,12
2017-01,TAMAULIPAS,28,0,0,0,0,0,19,0,9,3,3,3,0,1,123,0,15,9,1,2,0,52,7,0,0,0,1,0,51
2017-01,TLAXCALA,29,0,0,0,0,0,0,0,1,0,0,12,0,3,24,0,3,0,0,6,1,5,0,0,0,0,0,0,4
2017-01,VERACRUZ,30,1,0,0,0,0,1,1,20,0,0,39,3,4,157,0,40,9,0,34,0,26,2,5,0,0,2,3,21
2017-01,YUCATÁN,31,0,1,0,1,1,2,0,3,3,2,1,3,3,1,0,0,0,1,2,0,5,1,0,0,0,0,0,3
2017-01,ZACATECAS,32,0,1,0,0,0,1,0,2,0,0,1,0,1,41,0,8,0,0,3,0,12,0,0,0,0,0,1,7
2017-01,EXTRANJERO,33,0,0,0,0,0,0,1,0,0,0,1,0,2,2,0,1,0,0,0,0,0,0,0,0,0,0,0,0
2017-02,AGUASCALIENTES,1,0,2,0,0,0,8,0,0,0,0,0,2,2,8,0,2,3,3,2,0,13,0,0,0,0,0,5,19
2017-02,BAJA CALIFORNIA,2,0,7,0,34,1,5,4,6,1,0,1,6,6,66,1,12,2,1,0,0,72,1,13,0,0,0,0,14
2017-02,BAJA CALIFORNIA SUR,3,0,1,0,0,0,4,0,4,1,1,0,0,0,10,0,3,5,2,2,0,16,0,0,0,0,0,0,4
2017-02,CAMPECHE,4,0,0,0,0,0,2,1,0,3,0,0,3,2,9,0,6,0,4,4,0,6,0,0,0,0,0,0,9
2017-02,COAHUILA,5,0,3,0,2,0,3,8,7,0,1,5,0,4,31,0,16,10,0,3,1,16,6,0,0,0,1,6,23
2017-02,COLIMA,6,0,1,0,0,0,0,0,9,0,1,0,2,1,9,0,2,3,3,1,0,9,0,1,3,0,0,0,7
2017-02,CHIAPAS,7,11,3,0,2,0,0,0,11,5,0,9,6,3,10,0,23,2,0,30,0,19,6,4,0,0,0,0,12
2017-02,CHIHUAHUA,8,17,7,1,10,0,21,6,1,1,0,40,1,4,22,0,41,40,2,1,0,68,2,1,1,0,2,13,41
2017-02,CIUDAD DE MÉXICO ,9,0,0,0,11,0,8,8,48,3,0,27,3,52,244,0,153,16,43,0,1,65,1,7,4,0,3,453,77
2017-02,DURANGO,10,4,0,0,0,0,3,7,3,1,2,2,0,3,16,1,11,3,0,6,1,17,2,1,0,0,0,0,18
2017-02,GUANAJUATO,11,0,0,0,0,1,10,2,0,1,0,1,2,6,312,0,10,13,4,5,1,85,0,0,2,0,0,8,28
2017-02,GUERRERO,12,2,0,0,2,0,5,29,9,2,2,0,2,4,12,1,8,2,0,3,0,45,0,1,0,1,3,0,41
2017-02,HIDALGO,13,0,0,0,0,0,0,0,4,2,3,3,2,3,103,0,3,2,0,7,0,15,0,2,0,0,0,2,7
2017-02,JALISCO,14,8,5,1,2,0,20,24,10,5,1,4,0,12,59,0,32,9,3,1,2,71,0,1,2,0,1,5,30
2017-02,ESTADO DE MÉXICO ,15,0,3,2,9,0,8,2,12,5,0,5,3,7,128,0,32,10,6,44,0,62,7,3,0,0,2,7,42
2017-02,MICHOACÁN,16,0,2,0,0,0,11,7,26,4,0,2,0,7,54,1,14,5,3,5,0,87,0,5,0,0,2,0,36
2017-02,MORELOS,17,0,0,0,0,0,2,0,3,3,0,1,0,6,33,0,3,3,0,14,0,17,0,0,0,0,0,1,21
2017-02,NAYARIT,18,1,0,1,0,0,1,0,18,0,0,0,2,3,6,0,6,3,0,0,1,4,0,0,2,0,0,0,20
2017-02,NUEVO LEÓN,19,0,5,0,4,0,5,1,23,1,0,0,0,15,50,0,16,12,4,4,0,25,5,0,2,0,0,8,39
2017-02,OAXACA,20,0,0,0,1,0,1,2,13,3,0,4,0,1,25,1,47,4,1,17,0,46,2,1,0,0,0,0,20
2017-02,PUEBLA,21,0,0,0,0,0,4,0,3,2,0,24,4,4,197,2,17,6,0,4,0,39,0,2,3,0,0,3,28
2017-02,QUERÉTARO,22,1,3,0,7,0,8,0,0,2,0,2,0,6,51,0,15,4,2,2,1,23,0,2,0,0,0,55,19
2017-02,QUINTANA ROO,23,0,2,0,0,0,3,1,3,13,0,27,0,8,10,0,9,8,0,0,0,8,0,2,0,0,1,0,8
2017-02,SAN LUIS POTOSÍ,24,1,0,0,0,0,1,1,5,4,0,0,3,2,25,0,3,10,0,3,0,20,0,0,7,0,0,0,4
2017-02,SINALOA,25,0,5,1,3,0,20,7,8,2,2,2,0,2,75,0,9,6,2,1,0,43,0,8,0,1,0,0,14
2017-02,SONORA,26,6,17,1,1,0,32,2,12,2,2,3,0,7,59,7,21,43,3,1,0,44,0,14,0,0,0,1,28
2017-02,TABASCO,27,0,0,1,0,0,0,0,2,0,0,3,0,0,32,1,15,1,0,4,0,16,4,10,1,0,3,0,8
2017-02,TAMAULIPAS,28,0,0,0,0,0,21,0,10,0,5,0,1,3,43,0,18,9,0,4,0,59,1,0,0,0,0,0,67
2017-02,TLAXCALA,29,0,0,0,0,0,0,0,0,1,0,0,0,1,29,0,5,3,0,0,0,3,0,0,0,0,0,0,9
2017-02,VERACRUZ,30,0,0,0,0,0,0,0,17,2,0,43,0,4,173,1,41,8,0,23,0,33,2,1,1,0,4,0,23
2017-02,YUCATÁN,31,0,1,0,2,0,0,0,4,6,3,2,0,0,6,0,0,9,0,3,0,1,0,0,0,0,0,2,2
2017-02,ZACATECAS,32,0,3,0,0,0,1,0,2,0,0,0,0,1,18,0,2,3,0,4,1,12,1,1,0,0,0,1,6
2017-02,EXTRANJERO,33,0,0,0,0,0,0,0,0,0,0,1,0,4,2,0,6,0,0,0,0,0,0,0,0,0,0,0,0
2017-03,AGUASCALIENTES,1,0,3,0,1,0,6,0,4,0,0,1,3,5,7,0,4,5,1,5,0,30,0,5,0,0,0,1,13
2017-03,BAJA CALIFORNIA,2,0,10,0,29,0,4,1,7,3,0,0,9,11,61,2,13,23,0,0,0,93,0,7,1,0,0,3,14
2017-03,BAJA CALIFORNIA SUR,3,0,1,0,3,0,5,0,4,1,1,1,0,1,3,0,1,2,0,2,0,20,0,1,0,0,0,0,0
2017-03,CAMPECHE,4,0,1,0,1,0,0,0,5,7,0,0,0,1,9,0,2,4,3,2,0,6,0,0,0,0,0,0,0
2017-03,COAHUILA,5,0,10,0,0,0,4,8,3,0,1,5,0,4,17,0,15,9,1,0,0,10,3,2,0,0,0,3,23
2017-03,COLIMA,6,1,1,0,0,0,1,1,6,1,0,0,3,2,10,3,3,3,2,2,0,8,0,0,0,0,0,1,1
2017-03,CHIAPAS,7,2,15,1,0,0,0,2,15,8,0,1,6,9,12,1,17,4,0,20,0,15,6,1,0,0,1,0,14
2017-03,CHIHUAHUA,8,11,5,0,7,0,22,6,8,2,2,0,2,10,21,1,20,42,0,1,0,72,3,4,0,0,2,17,27
2017-03,CIUDAD DE MÉXICO ,9,0,14,0,0,0,10,1,67,4,1,20,4,73,317,0,147,22,28,1,0,74,1,6,3,0,5,495,92
2017-03,DURANGO,10,1,1,0,1,0,1,3,3,0,1,2,1,6,10,0,17,9,1,0,0,11,0,0,0,0,0,3,11
2017-03,GUANAJUATO,11,1,0,0,0,0,14,0,6,2,1,0,0,3,353,1,54,12,12,30,1,90,2,1,0,0,0,5,35
2017-03,GUERRERO,12,3,3,1,1,0,3,43,4,4,4,1,2,2,19,1,9,4,0,9,0,34,0,4,0,0,2,0,17
2017-03,HIDALGO,13,0,0,0,0,0,0,0,0,4,0,3,0,5,97,1,5,5,2,6,0,24,0,1,0,0,0,4,11
2017-03,JALISCO,14,2,8,0,0,0,15,22,17,2,0,3,0,17,67,0,39,19,16,2,3,61,0,2,1,0,2,8,21
2017-03,ESTADO DE MÉXICO ,15,1,2,1,5,0,5,9,19,5,0,58,4,19,201,1,39,16,8,6,0,86,0,9,1,0,2,11,38
2017-03,MICHOACÁN,16,2,7,0,6,0,14,13,36,9,0,6,0,10,51,0,11,7,1,2,0,132,0,10,0,0,0,0,6
2017-03,MORELOS,17,0,0,0,0,0,1,0,9,2,1,0,1,4,35,0,4,4,0,16,0,22,0,0,1,0,3,2,18
2017-03,NAYARIT,18,1,0,0,0,0,0,0,5,14,0,1,0,0,6,0,0,3,0,0,0,4,0,0,0,0,0,0,2
2017-03,NUEVO LEÓN,19,1,4,3,1,0,11,0,56,4,0,0,0,4,54,0,29,18,3,6,0,35,5,1,2,0,0,7,35
2017-03,OAXACA,20,0,0,0,0,0,1,2,17,11,0,2,0,2,82,0,20,4,0,40,1,62,3,1,0,0,0,2,45
2017-03,PUEBLA,21,0,0,0,1,0,2,0,0,1,1,10,1,6,326,0,35,13,0,8,0,45,1,2,2,0,0,2,6
2017-03,QUERÉTARO,22,2,6,0,1,0,11,0,1,1,0,1,0,2,53,1,12,3,4,1,3,26,0,2,0,0,0,47,13
2017-03,QUINTANA ROO,23,3,1,1,1,0,5,1,9,14,0,23,0,11,14,0,16,9,5,0,0,6,1,2,0,0,0,2,18
2017-03,SAN LUIS POTOSÍ,24,10,10,0,0,0,0,0,3,0,0,0,0,0,20,0,10,8,2,2,0,22,2,0,0,0,0,1,4
2017-03,SINALOA,25,2,7,2,1,0,26,17,15,1,5,0,0,3,101,1,9,5,1,1,0,64,0,2,0,0,3,0,11
2017-03,SONORA,26,0,15,2,2,0,37,5,13,4,0,0,0,3,40,6,23,27,3,1,0,47,1,28,1,0,0,3,17
2017-03,TABASCO,27,1,0,0,0,0,0,0,1,2,0,2,0,3,49,0,17,3,1,12,0,16,2,3,1,0,1,0,9
2017-03,TAMAULIPAS,28,0,0,0,0,0,22,0,18,1,1,0,3,4,57,0,16,31,0,0,1,57,0,0,0,0,1,0,12
2017-03,TLAXCALA,29,0,0,0,0,0,0,0,3,1,2,0,1,0,27,0,0,3,0,0,0,13,0,0,0,0,0,1,8
2017-03,VERACRUZ,30,0,0,0,0,0,0,0,19,2,2,53,1,8,209,3,26,12,2,16,0,36,1,0,1,0,2,5,20
2017-03,YUCATÁN,31,0,0,0,0,0,2,0,2,4,0,0,0,2,10,0,1,1,1,6,0,1,0,0,0,0,0,1,1
2017-03,ZACATECAS,32,0,3,0,0,0,1,2,2,0,0,1,1,2,10,0,0,1,0,3,0,22,0,1,0,0,0,1,5
2017-03,EXTRANJERO,33,0,0,0,0,0,0,0,0,0,2,0,0,3,0,0,1,0,0,0,0,0,0,0,0,0,0,0,1
2017-04,AGUASCALIENTES,1,1,2,0,0,0,4,0,0,1,0,0,1,1,7,0,0,5,1,1,0,10,0,1,0,1,0,2,10
2017-04,BAJA CALIFORNIA,2,0,15,0,27,0,4,5,6,3,0,2,11,10,65,0,2,20,0,0,0,80,1,6,0,0,0,5,11
2017-04,BAJA CALIFORNIA SUR,3,0,3,0,0,0,3,0,3,2,1,0,1,1,6,0,5,17,0,1,0,8,0,1,0,0,1,6,1
2017-04,CAMPECHE,4,0,0,0,1,0,0,0,1,5,0,1,0,0,3,1,1,0,0,4,0,4,0,0,0,0,0,0,1
2017-04,COAHUILA,5,0,1,1,0,0,8,2,3,0,1,10,1,2,58,0,14,13,1,0,0,8,3,0,1,0,0,4,14
2017-04,COLIMA,6,0,0,0,0,0,2,3,3,3,0,0,2,0,22,0,4,1,9,3,0,6,0,1,0,1,0,0,5
2017-04,CHIAPAS,7,0,9,0,6,0,0,2,26,4,0,2,10,9,15,0,16,10,1,5,0,7,2,0,0,0,0,1,15
2017-04,CHIHUAHUA,8,1,2,0,1,0,30,7,3,4,0,1,1,2,12,0,14,31,1,0,0,73,1,2,3,1,0,7,23
2017-04,CIUDAD DE MÉXICO ,9,0,12,0,0,0,4,13,65,10,1,12,13,107,296,0,112,31,42,0,0,62,2,10,3,0,2,457,45
2017-04,DURANGO,10,1,1,0,2,0,2,10,2,3,1,1,2,12,27,0,14,5,0,2,1,20,0,1,1,0,0,0,9
2017-04,GUANAJUATO,11,2,0,0,3,1,20,0,2,1,1,0,3,6,261,0,9,9,9,11,0,95,0,3,0,1,2,3,23
2017-04,GUERRERO,12,1,2,0,1,0,5,20,12,3,1,0,1,3,9,1,6,1,0,2,0,43,0,1,0,1,1,0,13
2017-04,HIDALGO,13,0,0,0,0,0,1,0,1,5,0,3,3,5,111,0,3,9,2,3,0,14,0,0,0,0,0,0,9
2017-04,JALISCO,14,0,11,1,0,0,17,18,5,4,0,2,1,22,59,0,29,12,4,0,1,59,0,0,0,1,1,7,38
2017-04,ESTADO DE MÉXICO ,15,4,1,0,3,1,10,3,8,8,0,47,0,8,153,2,19,17,10,27,0,70,1,4,1,0,1,17,19
2017-04,MICHOACÁN,16,4,1,0,0,0,15,3,25,3,0,0,0,11,65,1,11,5,1,3,0,97,0,2,0,0,2,1,0
2017-04,MORELOS,17,1,0,0,1,0,2,0,9,3,1,0,0,6,63,0,4,11,0,14,0,28,0,0,0,0,1,1,8
2017-04,NAYARIT,18,0,0,0,0,0,2,2,7,1,0,5,9,4,12,0,5,4,0,1,0,2,0,0,0,0,0,1,8
2017-04,NUEVO LEÓN,19,0,3,0,1,0,6,1,15,1,0,1,0,5,86,1,8,24,1,2,1,31,3,0,0,0,0,18,23
2017-04,OAXACA,20,0,2,0,1,0,1,4,20,3,1,0,1,7,32,0,53,5,0,19,0,52,3,2,0,0,1,1,39
2017-04,PUEBLA,21,0,0,0,1,0,2,0,0,1,1,0,4,2,220,0,13,15,4,4,0,26,2,1,1,0,0,1,7
2017-04,QUERÉTARO,22,1,3,0,0,0,1,1,0,2,0,1,0,3,40,1,18,11,3,0,0,22,0,0,2,0,0,38,10
2017-04,QUINTANA ROO,23,4,2,0,1,0,1,2,6,10,2,36,4,6,72,1,22,15,0,1,0,6,0,5,4,0,0,1,4
2017-04,SAN LUIS POTOSÍ,24,3,5,0,0,0,0,0,3,1,0,0,3,4,26,0,5,7,0,2,0,37,0,0,0,0,0,0,2
2017-04,SINALOA,25,5,10,0,0,0,30,30,12,4,3,0,1,0,104,1,6,7,0,2,0,75,0,4,1,1,0,1,7
2017-04,SONORA,26,0,17,0,2,0,31,3,10,2,0,2,1,4,48,0,21,33,2,2,0,28,1,14,0,1,1,8,19
2017-04,TABASCO,27,0,0,0,0,0,0,0,7,1,0,0,1,1,17,0,6,5,1,6,0,12,1,2,2,0,0,1,7
2017-04,TAMAULIPAS,28,0,0,0,0,0,35,0,33,2,11,0,0,0,85,0,10,15,1,1,0,66,1,0,1,1,0,0,14
2017-04,TLAXCALA,29,0,0,0,0,0,0,0,3,2,1,0,0,3,31,0,1,3,0,2,0,6,0,0,0,0,0,0,6
2017-04,VERACRUZ,30,1,0,0,0,0,1,0,14,3,0,10,0,8,179,1,19,18,0,27,0,25,2,3,0,0,2,0,8
2017-04,YUCATÁN,31,0,3,0,1,0,3,0,2,5,3,0,1,1,2,0,0,12,0,4,0,0,0,0,0,0,0,0,13
2017-04,ZACATECAS,32,1,1,1,0,0,4,0,2,0,1,4,0,2,6,0,4,3,0,2,0,16,0,1,0,0,0,1,2
2017-04,EXTRANJERO,33,0,0,0,0,0,0,0,0,0,1,0,0,2,0,0,3,0,0,0,0,0,0,0,0,0,0,0,0
2017-05,AGUASCALIENTES,1,0,2,0,0,0,7,0,2,1,1,1,2,2,28,0,1,4,2,4,0,12,0,3,0,0,0,5,11
2017-05,BAJA CALIFORNIA,2,1,17,0,22,0,2,2,14,5,0,1,1,5,75,0,11,27,3,1,0,108,0,7,0,0,1,6,6
2017-05,BAJA CALIFORNIA SUR,3,0,3,0,0,0,3,0,3,1,1,0,1,2,5,0,1,4,0,1,0,5,0,0,0,0,0,9,1
2017-05,CAMPECHE,4,0,0,0,0,0,1,0,1,5,0,0,1,1,16,0,2,1,0,2,0,2,0,0,0,0,0,0,2
2017-05,COAHUILA,5,0,1,0,0,0,8,3,4,0,0,18,0,9,57,0,5,14,0,3,0,17,2,1,0,0,0,7,26
2017-05,COLIMA,6,0,0,0,0,0,3,1,4,1,0,0,0,7,14,1,1,9,3,1,0,9,0,0,0,1,0,0,5
2017-05,CHIAPAS,7,0,6,1,3,0,2,2,12,6,0,6,8,9,40,0,29,4,1,16,0,5,9,1,0,0,0,0,6
2017-05,CHIHUAHUA,8,2,6,0,2,0,36,1,7,2,0,2,0,6,17,0,18,46,2,2,0,63,1,5,1,0,0,7,16
2017-05,CIUDAD DE MÉXICO ,9,0,19,1,0,0,7,2,72,4,3,12,5,99,424,0,120,26,43,1,0,60,0,9,2,1,1,543,73
2017-05,DURANGO,10,2,3,0,0,0,2,8,2,2,0,1,0,5,51,0,15,4,0,1,0,21,0,0,0,0,0,0,6
2017-05,GUANAJUATO,11,1,1,0,0,0,21,2,4,0,4,1,0,4,294,0,20,9,10,4,0,100,0,0,2,0,0,17,25
2017-05,GUERRERO,12,1,0,0,1,0,2,21,8,1,1,1,2,3,18,1,13,9,0,6,0,43,0,0,0,1,1,2,12
2017-05,HIDALGO,13,0,0,0,0,0,1,0,5,5,1,0,1,9,146,0,3,3,0,2,0,17,0,0,0,0,0,0,3
2017-05,JALISCO,14,3,13,0,1,0,14,20,9,5,1,4,0,15,257,0,66,13,17,1,4,60,0,1,11,1,0,7,33
2017-05,ESTADO DE MÉXICO ,15,0,3,0,2,0,4,5,14,3,0,98,0,7,155,0,35,16,15,19,0,76,3,1,1,0,1,10,25
2017-05,MICHOACÁN,16,0,2,0,1,0,17,4,31,10,1,2,1,3,55,0,10,4,5,3,0,128,0,4,0,0,1,2,8
2017-05,MORELOS,17,0,0,0,1,0,1,0,7,2,73,5,1,1,41,0,5,2,1,11,0,16,0,0,0,0,2,1,1
2017-05,NAYARIT,18,2,0,0,0,0,0,0,21,2,0,21,2,2,43,0,10,1,0,0,0,4,0,0,0,0,0,1,7
2017-05,NUEVO LEÓN,19,0,2,0,0,0,14,0,29,1,0,2,0,4,53,0,8,9,3,4,0,41,8,1,0,0,0,3,18
2017-05,OAXACA,20,2,3,1,1,0,1,1,23,14,0,6,1,11,26,0,51,10,0,22,0,53,5,2,1,0,0,3,27
2017-05,PUEBLA,21,1,2,0,0,0,5,2,4,4,0,5,0,5,321,0,24,4,1,13,0,45,3,0,4,0,0,7,11
2017-05,QUERÉTARO,22,2,2,0,0,0,3,0,1,5,0,1,1,4,71,3,8,4,4,2,0,19,1,1,1,1,0,45,8
2017-05,QUINTANA ROO,23,3,2,0,0,0,3,0,16,14,0,37,2,3,80,0,20,11,0,0,0,18,0,8,0,0,0,2,6
2017-05,SAN LUIS POTOSÍ,24,0,10,0,0,0,0,0,4,2,0,0,1,2,16,0,7,12,0,8,0,21,1,1,0,0,0,1,1
2017-05,SINALOA,25,1,12,1,3,0,27,13,21,3,7,0,0,4,191,0,4,10,2,1,1,71,0,7,0,0,0,2,5
2017-05,SONORA,26,0,23,0,0,0,27,3,9,2,0,0,0,5,85,4,17,47,1,0,0,44,0,27,0,0,0,1,10
2017-05,TABASCO,27,0,1,0,0,0,0,0,2,3,0,0,0,2,34,1,15,4,1,4,0,14,1,6,1,0,1,1,14
2017-05,TAMAULIPAS,28,0,0,0,1,0,32,0,32,2,7,1,0,3,98,0,11,13,0,0,0,95,1,0,0,1,2,0,5
2017-05,TLAXCALA,29,0,0,0,0,0,1,0,0,0,1,2,1,3,41,0,5,1,0,1,0,11,0,0,0,0,0,1,2
2017-05,VERACRUZ,30,1,1,0,0,0,1,0,14,0,3,36,2,6,192,0,42,25,1,23,0,30,1,0,0,0,1,2,12
2017-05,YUCATÁN,31,0,2,0,0,1,3,0,5,6,0,1,2,1,3,0,1,2,0,16,0,0,0,1,0,0,0,1,3
2017-05,ZACATECAS,32,2,5,0,0,0,2,0,1,0,0,1,2,3,13,0,3,6,0,1,0,20,0,0,0,0,0,0,0
2017-05,EXTRANJERO,33,0,0,0,0,0,0,0,2,0,1,0,0,0,1,0,1,0,0,0,0,0,0,0,0,0,0,0,0
2017-06,AGUASCALIENTES,1,0,1,0,0,0,2,0,1,0,1,0,0,1,38,0,5,5,2,1,0,10,0,2,0,0,1,0,20
2017-06,BAJA CALIFORNIA,2,2,18,0,38,0,4,1,11,4,0,0,1,4,70,1,6,15,1,0,0,118,0,7,0,0,2,2,7
2017-06,BAJA CALIFORNIA SUR,3,0,2,0,0,0,4,1,2,4,0,0,1,0,9,0,3,3,0,1,0,15,0,0,0,0,1,12,3
2017-06,CAMPECHE,4,0,1,0,0,0,0,0,0,7,0,1,1,1,13,0,2,3,1,5,0,5,0,0,0,0,0,0,0
2017-06,COAHUILA,5,1,8,0,0,0,3,7,6,0,0,28,0,1,59,0,12,7,0,0,0,17,0,0,0,0,0,2,15
2017-06,COLIMA,6,0,0,0,1,0,0,1,4,0,0,1,1,7,40,0,3,1,6,3,0,13,0,0,0,1,0,1,4
2017-06,CHIAPAS,7,1,7,5,0,0,0,1,17,10,0,2,8,9,97,1,39,10,0,7,0,6,13,0,0,0,0,0,8
2017-06,CHIHUAHUA,8,1,1,1,2,0,28,2,7,0,1,1,3,3,53,0,17,36,0,1,0,77,1,2,1,0,1,9,13
2017-06,CIUDAD DE MÉXICO ,9,0,0,0,19,0,5,0,92,5,4,11,3,85,571,2,174,32,19,0,0,85,1,6,6,0,4,719,58
2017-06,DURANGO,10,1,1,0,0,0,10,12,14,10,0,0,0,5,17,0,11,7,0,0,0,21,0,0,0,0,0,1,10
2017-06,GUANAJUATO,11,1,0,0,3,0,13,0,4,0,1,0,1,4,289,0,19,11,11,8,0,81,1,1,2,0,1,3,15
2017-06,GUERRERO,12,0,1,0,0,0,7,8,6,1,6,0,0,7,24,3,22,3,1,7,0,48,0,3,0,0,2,2,16
2017-06,HIDALGO,13,2,0,0,0,0,1,1,0,1,0,0,3,3,136,0,2,3,0,1,0,21,1,0,0,0,0,0,4
2017-06,JALISCO,14,1,8,0,0,4,22,15,4,1,0,4,0,16,255,0,53,17,18,3,7,50,0,0,8,0,0,3,11
2017-06,ESTADO DE MÉXICO ,15,0,1,0,2,1,5,4,23,5,0,69,3,28,379,2,32,16,15,27,0,74,1,5,1,0,3,29,47
2017-06,MICHOACÁN,16,2,3,0,1,0,21,11,23,9,4,1,0,4,54,0,14,7,2,2,0,88,0,5,0,0,2,2,6
2017-06,MORELOS,17,0,2,0,0,0,2,0,17,1,5,0,0,4,36,1,5,4,1,19,0,22,0,2,1,0,1,0,7
2017-06,NAYARIT,18,0,4,0,0,0,0,2,16,0,0,3,0,0,13,0,3,1,0,1,0,7,0,0,0,0,0,0,7
2017-06,NUEVO LEÓN,19,0,4,2,1,0,6,0,17,1,0,1,0,4,115,0,2,11,17,4,0,47,8,4,1,0,1,15,31
2017-06,OAXACA,20,0,0,0,2,0,2,3,10,8,0,0,0,3,28,0,38,4,0,16,0,46,8,0,1,0,0,0,17
2017-06,PUEBLA,21,4,0,0,1,0,3,2,5,0,1,18,1,3,273,0,32,8,1,8,0,38,0,3,0,0,0,0,12
2017-06,QUERÉTARO,22,11,1,1,0,0,0,0,0,5,1,0,0,3,82,1,13,2,3,3,0,22,0,5,0,3,0,32,13
2017-06,QUINTANA ROO,23,1,0,0,1,0,5,3,15,3,1,41,2,7,98,0,14,16,1,0,0,13,0,2,0,0,0,3,7
2017-06,SAN LUIS POTOSÍ,24,0,26,0,0,0,1,0,6,1,0,0,1,1,26,0,3,10,0,3,0,24,0,1,0,0,0,1,2
2017-06,SINALOA,25,7,11,0,4,0,20,9,13,4,1,2,0,3,118,3,32,6,1,0,0,74,0,1,1,0,0,0,12
2017-06,SONORA,26,1,18,1,0,0,20,3,16,0,0,1,0,4,80,2,21,20,1,3,0,32,0,18,1,0,0,1,24
2017-06,TABASCO,27,0,0,0,0,0,0,0,8,1,0,1,1,1,55,0,16,7,0,8,0,8,4,2,1,0,1,0,18
2017-06,TAMAULIPAS,28,0,0,0,0,0,30,0,9,0,7,0,0,2,77,0,12,10,2,2,0,99,1,0,0,0,0,16,7
2017-06,TLAXCALA,29,0,0,0,0,0,0,0,2,6,2,1,0,2,41,0,3,1,2,1,0,10,0,1,0,0,0,0,4
2017-06,VERACRUZ,30,0,0,0,0,0,0,0,14,3,3,22,0,9,283,0,29,17,0,23,0,26,1,0,0,0,0,0,18
2017-06,YUCATÁN,31,0,1,0,0,0,0,0,4,5,0,2,4,4,7,0,0,0,1,14,0,3,0,0,0,0,0,0,10
2017-06,ZACATECAS,32,0,4,1,1,0,0,0,3,2,0,0,0,2,71,0,4,1,1,2,0,15,1,1,0,0,0,0,4
2017-06,EXTRANJERO,33,0,0,0,0,0,0,0,0,0,3,0,0,0,2,0,2,0,0,0,0,0,0,0,0,0,0,0,1
2017-07,AGUASCALIENTES,1,0,2,0,0,0,5,0,1,5,0,1,1,7,10,0,6,4,1,0,0,9,0,0,0,0,0,0,6
2017-07,BAJA CALIFORNIA,2,0,11,2,38,0,2,3,14,5,0,0,11,2,163,2,10,10,1,1,0,104,0,6,0,0,0,3,11
2017-07,BAJA CALIFORNIA SUR,3,0,0,0,0,0,7,0,3,3,2,1,0,3,7,0,2,3,1,0,0,9,0,0,0,0,0,13,2
2017-07,CAMPECHE,4,0,0,0,0,0,0,0,0,2,0,0,0,3,33,0,1,4,0,3,0,4,0,0,0,0,0,0,1
2017-07,COAHUILA,5,1,4,0,0,0,6,2,2,1,0,1,0,2,61,0,13,8,0,6,0,12,3,1,0,0,1,6,2
2017-07,COLIMA,6,0,1,0,0,0,4,0,4,2,0,0,2,1,26,0,1,2,5,1,0,17,0,1,0,0,0,0,7
2017-07,CHIAPAS,7,0,9,0,0,0,1,2,21,5,0,3,9,7,81,0,26,6,2,4,0,9,6,0,0,0,0,0,7
2017-07,CHIHUAHUA,8,0,1,0,2,0,15,0,8,0,0,2,0,4,23,0,9,42,2,0,0,66,2,3,0,0,0,1,6
2017-07,CIUDAD DE MÉXICO ,9,0,16,0,0,0,9,0,69,11,15,4,10,185,523,0,93,30,38,0,0,70,2,10,0,1,3,569,59
2017-07,DURANGO,10,7,0,0,0,0,0,3,6,4,0,0,0,7,10,0,5,5,0,1,0,23,0,1,1,0,0,0,8
2017-07,GUANAJUATO,11,1,1,0,1,0,13,0,3,3,0,1,1,5,231,2,24,7,13,10,0,73,0,1,2,0,0,4,21
2017-07,GUERRERO,12,0,2,0,0,0,4,13,13,6,4,1,0,3,33,0,12,5,0,1,0,46,0,1,0,0,2,3,11
2017-07,HIDALGO,13,0,0,0,0,0,1,0,2,1,0,0,1,1,137,0,7,0,2,0,0,24,0,0,0,0,1,1,1
2017-07,JALISCO,14,14,3,0,0,0,14,15,8,2,0,1,0,4,386,0,42,10,31,8,2,52,0,0,1,0,0,2,29
2017-07,ESTADO DE MÉXICO ,15,0,4,4,6,0,10,2,16,4,4,26,4,14,289,0,18,12,20,11,0,68,3,2,1,0,1,6,16
2017-07,MICHOACÁN,16,4,0,1,2,1,22,8,29,7,1,0,0,1,56,0,11,14,5,1,0,86,0,4,0,0,1,1,6
2017-07,MORELOS,17,0,0,0,0,0,5,0,14,1,0,0,0,3,26,21,5,2,1,13,0,17,0,0,0,0,2,3,9
2017-07,NAYARIT,18,1,0,0,0,0,0,1,10,0,0,1,3,0,13,0,4,1,0,0,0,7,0,0,0,0,0,0,5
2017-07,NUEVO LEÓN,19,1,3,1,0,0,3,0,19,1,0,1,1,2,173,0,7,18,2,6,0,38,5,0,1,0,0,5,33
2017-07,OAXACA,20,0,2,1,0,0,1,0,9,19,1,0,2,3,43,0,44,7,0,14,0,59,5,2,0,0,0,2,15
2017-07,PUEBLA,21,1,1,0,5,0,4,0,7,4,1,7,1,11,420,0,26,21,2,11,0,38,0,1,0,0,0,3,11
2017-07,QUERÉTARO,22,0,0,0,0,0,1,0,1,0,0,4,0,2,100,0,41,2,2,9,0,17,0,0,0,0,0,31,8
2017-07,QUINTANA ROO,23,1,0,0,0,0,1,3,9,6,0,39,2,4,9,0,2,17,4,0,0,10,0,3,0,0,0,0,7
2017-07,SAN LUIS POTOSÍ,24,4,11,0,0,1,3,0,4,1,0,1,1,3,52,0,4,4,0,1,0,24,0,2,0,0,0,1,5
2017-07,SINALOA,25,4,8,0,2,0,21,14,10,1,0,0,0,0,115,2,21,10,3,0,0,66,0,0,0,1,0,2,7
2017-07,SONORA,26,1,15,0,3,0,34,1,4,2,0,0,0,7,75,4,15,25,0,6,2,44,1,17,0,0,0,2,7
2017-07,TABASCO,27,0,1,0,0,0,0,0,3,2,0,0,0,3,47,0,23,1,1,9,0,17,7,7,1,0,0,0,10
2017-07,TAMAULIPAS,28,0,0,0,0,0,24,0,23,0,8,0,0,2,111,0,14,8,1,0,0,73,0,0,0,0,0,0,4
2017-07,TLAXCALA,29,0,0,0,0,0,0,1,2,0,1,0,1,3,31,0,2,0,0,1,0,7,0,0,0,0,0,1,3
2017-07,VERACRUZ,30,2,1,0,0,0,1,1,10,5,2,5,2,4,267,6,36,14,1,13,0,52,1,0,0,0,0,1,12
2017-07,YUCATÁN,31,0,3,0,2,0,0,0,10,5,0,0,3,1,9,1,1,4,0,3,0,2,1,1,0,0,0,1,2
2017-07,ZACATECAS,32,0,2,0,0,0,0,0,3,3,1,2,0,1,71,0,2,3,1,1,0,15,0,0,0,1,1,1,5
2017-07,EXTRANJERO,33,0,0,0,0,0,0,0,0,0,2,0,0,0,2,0,1,0,0,0,0,0,0,0,0,0,0,0,1
2017-08,AGUASCALIENTES,1,0,3,0,0,0,6,0,2,1,2,0,1,1,18,0,0,2,2,2,0,8,0,2,1,0,1,0,0
2017-08,BAJA CALIFORNIA,2,1,10,6,37,0,0,1,4,5,2,0,3,16,133,0,9,9,2,0,0,104,0,6,0,0,0,4,10
2017-08,BAJA CALIFORNIA SUR,3,0,1,0,0,0,1,0,2,12,2,0,0,0,7,0,6,3,0,1,0,8,0,1,0,0,0,6,1
2017-08,CAMPECHE,4,0,1,0,0,0,0,0,2,12,0,0,0,3,8,1,5,2,0,4,0,1,0,1,0,0,0,0,1
2017-08,COAHUILA,5,0,2,0,0,0,1,8,7,0,1,1,0,2,36,0,10,3,0,4,1,11,3,0,0,0,2,3,4
2017-08,COLIMA,6,0,0,0,0,0,3,3,1,3,0,0,1,3,59,0,3,1,5,2,0,14,0,0,0,0,0,0,7
2017-08,CHIAPAS,7,0,8,2,1,0,3,1,14,6,0,3,7,10,93,0,33,2,1,21,0,12,8,2,0,0,0,2,8
2017-08,CHIHUAHUA,8,3,2,0,1,0,23,0,4,2,1,0,2,4,34,1,27,28,0,1,0,52,2,4,0,0,0,3,9
2017-08,CIUDAD DE MÉXICO ,9,0,2,38,1,0,12,2,61,2,3,6,6,68,436,0,132,11,47,1,0,95,0,12,6,0,0,608,65
2017-08,DURANGO,10,3,1,1,4,0,0,3,6,3,4,0,1,0,9,0,11,2,0,1,0,11,0,0,0,0,0,1,6
2017-08,GUANAJUATO,11,2,0,0,0,0,15,0,4,10,0,1,0,1,287,0,36,7,14,14,0,80,0,1,1,0,0,3,8
2017-08,GUERRERO,12,0,1,0,0,0,2,10,6,3,1,0,4,0,31,0,11,4,2,1,0,29,0,2,0,0,2,0,8
2017-08,HIDALGO,13,1,0,0,0,0,0,0,4,1,3,0,1,5,154,1,3,1,1,0,0,28,0,0,0,0,0,0,5
2017-08,JALISCO,14,11,4,0,1,4,11,37,8,10,0,0,0,11,232,0,47,11,36,1,2,47,0,2,1,0,1,9,21
2017-08,ESTADO DE MÉXICO ,15,3,4,0,6,0,8,15,24,4,4,4,5,16,308,0,24,5,18,45,0,66,5,5,0,0,3,17,20
2017-08,MICHOACÁN,16,4,5,0,2,0,10,8,8,5,5,4,1,6,24,0,11,8,1,7,0,88,0,4,0,0,2,3,6
2017-08,MORELOS,17,0,0,0,3,0,3,0,15,9,3,0,0,3,49,13,7,5,2,21,0,27,0,0,0,0,0,0,5
2017-08,NAYARIT,18,1,0,0,1,0,1,1,8,1,1,1,2,2,22,0,20,4,0,0,0,7,0,0,0,0,0,0,6
2017-08,NUEVO LEÓN,19,0,7,1,0,0,5,0,19,5,0,0,0,3,211,0,7,10,13,4,0,32,9,1,0,0,0,1,18
2017-08,OAXACA,20,1,0,0,0,0,1,4,7,8,3,2,0,4,106,0,32,5,0,18,0,56,7,1,0,0,0,1,12
2017-08,PUEBLA,21,1,1,1,0,1,0,0,6,5,4,2,0,9,311,0,22,32,1,16,0,30,0,0,1,0,1,2,12
2017-08,QUERÉTARO,22,0,2,0,0,0,5,2,1,3,0,1,1,7,69,0,22,7,6,8,0,19,0,0,0,1,0,43,9
2017-08,QUINTANA ROO,23,10,0,0,0,0,4,2,10,21,0,38,2,7,4,1,9,7,3,0,0,9,1,2,1,0,1,1,18
2017-08,SAN LUIS POTOSÍ,24,0,19,0,0,0,1,0,1,2,0,0,3,4,22,0,3,7,1,5,0,29,2,0,0,0,0,2,10
2017-08,SINALOA,25,3,11,0,2,0,16,7,6,6,5,0,0,0,147,2,11,3,1,1,0,59,0,5,0,0,0,0,6
2017-08,SONORA,26,2,3,0,3,1,35,9,2,2,0,3,3,2,71,0,25,30,1,17,0,38,0,14,1,1,0,0,8
2017-08,TABASCO,27,0,0,0,1,0,0,0,3,0,0,1,0,2,42,0,12,2,0,12,0,12,5,3,0,0,0,0,9
2017-08,TAMAULIPAS,28,1,0,0,0,0,27,0,26,0,5,0,1,4,124,0,14,10,0,3,1,86,2,0,0,0,1,0,7
2017-08,TLAXCALA,29,0,0,0,0,0,0,1,1,5,0,0,1,0,49,0,2,2,1,2,0,10,0,0,0,0,1,0,4
2017-08,VERACRUZ,30,1,1,0,0,0,0,1,10,2,3,0,1,7,278,0,21,12,2,29,0,33,8,0,0,0,0,0,15
2017-08,YUCATÁN,31,0,0,0,1,0,0,0,17,2,3,1,4,4,6,0,3,9,0,5,0,1,0,0,0,0,0,2,5
2017-08,ZACATECAS,32,0,1,0,1,0,1,0,0,0,0,0,0,0,15,0,5,2,0,5,0,29,0,1,0,0,0,1,5
2017-08,EXTRANJERO,33,0,0,0,0,0,0,0,1,0,2,0,0,0,3,0,6,0,0,0,0,0,0,0,0,0,0,0,0
2017-09,AGUASCALIENTES,1,0,3,0,0,0,8,0,1,0,0,0,0,1,13,0,0,4,2,1,0,18,0,1,0,0,0,0,3
2017-09,BAJA CALIFORNIA,2,0,8,9,34,0,4,1,5,5,0,0,0,10,118,0,5,10,2,1,0,100,0,2,2,0,0,1,15
2017-09,BAJA CALIFORNIA SUR,3,0,7,1,0,0,3,1,3,9,0,0,0,1,26,0,5,6,0,0,0,10,0,0,0,0,0,3,3
2017-09,CAMPECHE,4,0,1,0,0,0,0,0,1,1,0,0,1,0,6,0,1,2,0,3,0,3,0,0,0,0,0,0,0
2017-09,COAHUILA,5,0,2,0,0,0,4,5,1,4,1,0,1,1,95,0,6,12,0,1,0,12,4,0,0,0,0,4,4
2017-09,COLIMA,6,0,0,0,0,0,0,1,1,4,0,0,5,0,43,0,2,1,3,2,0,16,0,2,0,0,0,0,2
2017-09,CHIAPAS,7,0,5,0,3,0,0,2,15,14,0,0,6,7,86,1,28,6,1,23,0,9,10,0,0,1,0,0,2
2017-09,CHIHUAHUA,8,2,1,0,2,0,21,3,3,1,2,1,0,4,20,1,29,33,1,3,0,58,1,3,0,0,0,7,5
2017-09,CIUDAD DE MÉXICO ,9,0,24,0,1,0,11,4,41,0,5,6,11,68,315,0,82,18,21,3,0,70,0,6,4,0,1,477,56
2017-09,DURANGO,10,4,0,0,0,0,2,2,3,1,4,0,1,3,82,1,5,5,0,0,0,18,0,0,0,0,0,1,8
2017-09,GUANAJUATO,11,0,2,0,0,0,16,1,4,1,2,2,0,4,343,0,24,6,9,5,0,87,0,0,2,0,0,0,11
2017-09,GUERRERO,12,0,4,0,1,0,4,8,5,3,4,0,0,3,35,0,15,2,0,5,0,20,0,2,1,0,4,2,6
2017-09,HIDALGO,13,0,0,0,0,0,0,0,3,1,0,1,0,1,139,0,4,3,3,0,0,22,0,0,0,0,0,0,1
2017-09,JALISCO,14,2,10,1,0,0,11,17,4,9,0,1,0,15,150,0,37,10,27,0,5,73,0,1,6,0,0,4,4
2017-09,ESTADO DE MÉXICO ,15,0,3,1,3,1,10,5,14,5,4,9,5,3,243,1,14,14,12,11,0,62,0,4,0,0,0,6,18
2017-09,MICHOACÁN,16,3,2,0,0,0,24,11,17,6,2,1,0,9,31,1,1,5,2,1,0,78,0,11,0,0,1,1,5
2017-09,MORELOS,17,0,1,0,0,0,4,0,5,0,1,1,1,1,39,0,2,0,0,9,0,19,0,0,0,0,1,0,6
2017-09,NAYARIT,18,0,1,0,0,0,0,1,7,4,0,1,3,2,10,0,4,1,0,2,0,9,0,0,0,0,0,0,7
2017-09,NUEVO LEÓN,19,0,2,0,1,0,7,0,13,4,1,2,0,3,40,0,6,14,15,2,0,14,6,0,0,0,0,3,18
2017-09,OAXACA,20,4,1,0,0,0,0,0,2,5,1,2,0,1,32,0,32,1,0,37,1,46,3,1,1,0,0,0,12
2017-09,PUEBLA,21,3,1,0,0,0,3,2,2,4,0,3,1,5,230,1,19,10,0,8,1,28,0,0,1,0,0,1,6
2017-09,QUERÉTARO,22,1,9,0,0,0,8,0,2,4,2,0,0,1,92,0,2,5,9,11,0,17,0,1,0,0,0,40,13
2017-09,QUINTANA ROO,23,4,2,5,0,0,6,7,13,8,2,38,0,3,9,1,13,10,0,0,0,15,1,2,0,0,0,3,12
2017-09,SAN LUIS POTOSÍ,24,0,19,0,1,0,2,1,6,0,0,0,0,2,36,0,2,7,0,4,0,29,0,0,0,0,0,0,5
2017-09,SINALOA,25,2,9,0,0,0,11,10,7,2,6,0,0,2,106,1,9,5,1,1,0,42,0,0,0,1,0,0,4
2017-09,SONORA,26,2,13,0,2,0,11,17,4,2,2,0,0,4,73,3,19,33,2,5,0,42,1,15,0,1,0,0,7
2017-09,TABASCO,27,0,0,0,0,0,1,0,1,1,0,1,0,5,40,0,14,1,1,20,0,18,5,3,0,0,0,0,12
2017-09,TAMAULIPAS,28,0,0,0,0,0,18,0,19,0,4,0,0,0,101,0,18,8,0,4,0,101,3,0,0,0,0,0,5
2017-09,TLAXCALA,29,0,0,0,0,0,1,2,1,4,0,0,5,2,76,0,2,0,0,8,0,6,0,1,0,0,0,0,4
2017-09,VERACRUZ,30,1,0,0,0,0,1,0,11,2,5,6,2,5,244,0,15,9,0,18,0,34,2,4,0,0,1,2,13
2017-09,YUCATÁN,31,0,3,0,7,0,1,1,4,1,0,2,2,0,6,0,2,0,0,7,0,2,0,1,0,0,0,0,3
2017-09,ZACATECAS,32,1,0,0,0,0,0,2,1,3,0,0,2,4,30,0,4,3,0,0,0,22,0,0,0,0,0,1,1
2017-09,EXTRANJERO,33,0,0,0,0,0,0,0,0,0,0,0,0,0,1,0,0,0,0,0,0,0,0,0,0,0,0,0,1
2017-10,AGUASCALIENTES,1,0,1,0,0,1,6,0,1,0,0,0,0,6,10,0,2,2,1,2,0,23,0,0,0,0,0,0,4
2017-10,BAJA CALIFORNIA,2,1,13,1,26,0,1,2,27,6,0,0,0,7,207,0,8,13,3,0,0,117,1,4,0,0,0,1,17
2017-10,BAJA CALIFORNIA SUR,3,0,2,0,0,0,2,0,3,6,0,0,1,4,19,0,4,6,1,1,0,7,0,1,1,0,0,18,4
2017-10,CAMPECHE,4,0,1,0,0,0,0,0,2,4,0,0,0,1,6,0,9,2,2,4,0,7,0,0,0,0,0,0,6
2017-10,COAHUILA,5,0,5,0,0,0,5,4,8,3,2,3,0,4,89,0,10,12,0,0,0,18,7,0,0,0,0,1,2
2017-10,COLIMA,6,0,0,0,0,0,1,0,5,4,0,0,8,2,38,0,5,2,6,2,0,16,0,1,0,0,0,0,3
2017-10,CHIAPAS,7,0,5,0,1,0,1,0,31,11,0,3,5,11,71,1,9,8,1,10,0,20,14,3,0,0,0,0,2
2017-10,CHIHUAHUA,8,5,4,0,9,0,19,2,4,9,2,0,1,12,103,0,11,36,1,0,1,75,3,11,1,0,0,2,7
2017-10,CIUDAD DE MÉXICO ,9,0,14,0,17,0,8,0,52,3,1,12,4,218,469,0,86,28,31,0,0,93,0,5,2,1,0,646,53
2017-10,DURANGO,10,1,0,0,0,0,8,8,1,0,3,0,0,3,79,0,13,3,0,2,0,12,2,0,1,0,0,0,5
2017-10,GUANAJUATO,11,0,0,1,0,0,13,0,2,1,0,3,2,8,315,0,26,4,11,2,1,82,1,1,0,1,0,0,18
2017-10,GUERRERO,12,1,2,0,3,0,3,17,9,3,3,0,0,0,34,0,7,4,0,3,0,36,0,2,0,0,3,0,3
2017-10,HIDALGO,13,0,0,0,0,1,2,1,0,1,0,1,0,4,187,0,0,0,0,1,0,20,1,0,0,0,0,0,2
2017-10,JALISCO,14,2,10,0,2,1,14,18,9,9,0,2,0,16,290,1,38,10,29,2,3,48,0,7,0,2,1,5,37
2017-10,ESTADO DE MÉXICO ,15,1,1,2,6,0,6,12,15,6,6,62,7,7,308,0,30,12,15,29,0,68,2,6,0,0,2,13,22
2017-10,MICHOACÁN,16,2,2,0,0,0,15,6,23,6,9,1,3,6,53,7,7,6,2,19,0,110,0,10,1,0,0,2,6
2017-10,MORELOS,17,0,1,0,0,0,1,0,9,2,2,0,0,3,263,1,5,5,0,14,0,18,0,1,0,0,0,0,4
2017-10,NAYARIT,18,1,0,0,1,0,1,1,1,2,0,1,1,0,13,0,5,1,0,1,0,12,0,0,0,0,0,0,3
2017-10,NUEVO LEÓN,19,0,4,1,3,0,8,1,15,1,3,2,0,5,541,0,10,9,18,6,0,33,11,0,1,1,0,4,11
2017-10,OAXACA,20,1,0,0,2,0,0,3,5,9,1,0,0,15,39,0,14,3,0,20,0,53,3,0,0,0,0,1,12
2017-10,PUEBLA,21,3,1,0,4,0,1,1,4,0,1,2,0,3,218,0,14,6,1,12,0,42,0,3,0,0,0,0,10
2017-10,QUERÉTARO,22,0,4,0,2,0,1,0,4,2,0,0,0,1,89,0,42,3,4,11,0,25,0,1,1,0,0,41,9
2017-10,QUINTANA ROO,23,3,1,0,0,0,7,5,8,2,0,41,0,1,47,1,11,8,0,0,0,13,1,1,1,0,0,1,10
2017-10,SAN LUIS POTOSÍ,24,0,19,0,0,0,6,0,3,4,1,0,1,6,85,0,2,4,1,4,0,41,3,0,0,0,0,0,8
2017-10,SINALOA,25,4,5,2,0,0,16,4,4,0,0,0,0,0,128,0,30,5,1,1,1,37,0,1,1,1,1,0,5
2017-10,SONORA,26,10,4,1,0,0,20,10,4,2,0,1,0,6,85,1,9,28,4,1,0,57,0,18,0,0,0,0,5
2017-10,TABASCO,27,0,0,0,0,0,0,0,1,0,0,0,1,3,42,0,11,3,1,23,0,15,3,3,0,0,0,0,9
2017-10,TAMAULIPAS,28,0,0,0,0,0,15,0,20,0,5,1,0,5,90,0,20,7,3,1,0,150,4,0,0,0,1,2,3
2017-10,TLAXCALA,29,0,1,0,0,0,1,1,2,1,0,0,3,2,61,0,2,3,2,0,0,12,1,1,0,0,0,0,8
2017-10,VERACRUZ,30,0,0,0,0,0,1,1,14,3,0,13,0,12,544,1,25,11,1,14,0,28,10,0,0,0,0,2,20
2017-10,YUCATÁN,31,0,0,0,5,0,1,0,3,11,2,2,2,2,7,0,1,1,1,1,0,0,0,0,0,0,0,0,8
2017-10,ZACATECAS,32,1,0,0,0,0,2,3,1,0,0,2,3,0,7,0,8,3,0,5,0,24,1,0,0,0,0,0,3
2017-10,EXTRANJERO,33,0,0,0,0,0,0,0,0,0,0,0,0,1,1,0,5,0,0,0,0,0,0,0,0,0,0,0,0
2017-11,AGUASCALIENTES,1,0,3,0,0,0,5,0,3,0,0,0,2,1,19,0,1,1,1,3,0,16,0,0,0,0,0,1,3
2017-11,BAJA CALIFORNIA,2,0,9,2,25,0,6,5,8,5,0,2,1,17,211,1,11,10,1,0,0,104,0,3,0,0,0,1,5
2017-11,BAJA CALIFORNIA SUR,3,1,0,0,0,0,2,0,4,3,0,4,0,1,52,0,2,3,0,1,0,8,0,0,0,0,0,14,1
2017-11,CAMPECHE,4,0,0,0,0,0,0,1,2,8,0,2,2,1,17,0,0,1,0,7,0,6,0,0,0,0,0,1,3
2017-11,COAHUILA,5,0,3,0,0,0,0,2,12,0,2,1,0,2,30,0,16,14,0,2,0,10,3,0,0,0,0,2,6
2017-11,COLIMA,6,0,0,0,0,0,4,1,1,1,0,0,0,0,37,0,3,3,5,1,1,23,0,1,0,0,0,0,3
2017-11,CHIAPAS,7,0,5,0,1,0,0,0,17,3,0,0,1,8,55,2,15,4,1,12,0,19,10,1,0,0,1,2,4
2017-11,CHIHUAHUA,8,2,1,1,2,1,19,1,2,5,1,2,7,6,144,2,13,24,0,2,0,45,2,3,0,0,0,7,4
2017-11,CIUDAD DE MÉXICO ,9,1,16,0,8,0,7,2,57,3,5,8,11,74,387,4,118,25,18,4,0,81,1,7,2,0,5,637,59
2017-11,DURANGO,10,2,0,0,0,0,8,2,4,4,2,0,0,5,105,3,13,4,0,9,0,14,0,0,0,0,0,1,5
2017-11,GUANAJUATO,11,0,1,0,0,0,7,0,1,2,0,0,0,5,299,0,34,5,12,11,0,55,0,1,0,0,0,2,11
2017-11,GUERRERO,12,0,2,0,3,0,6,23,5,0,0,0,1,0,23,0,12,4,0,0,0,28,1,0,0,0,1,1,9
2017-11,HIDALGO,13,0,0,0,1,0,1,0,1,1,0,0,0,8,126,1,4,3,0,0,0,21,0,0,0,0,0,0,7
2017-11,JALISCO,14,1,18,1,6,1,17,15,14,6,0,2,0,1,271,0,41,10,19,0,0,42,0,3,4,0,1,6,28
2017-11,ESTADO DE MÉXICO ,15,3,1,0,2,0,5,3,17,3,2,45,1,4,177,0,24,6,6,5,0,71,3,5,1,0,1,12,17
2017-11,MICHOACÁN,16,4,1,0,1,0,10,2,18,3,7,1,1,6,27,1,2,4,2,2,0,78,0,9,0,0,0,1,3
2017-11,MORELOS,17,0,0,0,0,0,0,0,11,6,1,0,1,4,127,4,3,0,0,13,0,18,0,0,0,0,1,1,4
2017-11,NAYARIT,18,6,1,0,0,0,0,1,12,1,0,1,4,0,20,0,2,3,2,2,0,14,0,0,1,0,0,0,1
2017-11,NUEVO LEÓN,19,0,4,0,3,0,6,0,13,2,1,0,1,6,213,0,5,10,11,5,0,30,10,1,0,0,0,6,10
2017-11,OAXACA,20,0,0,0,0,0,0,1,12,3,1,0,2,4,28,0,11,4,0,51,0,44,4,0,1,0,0,1,11
2017-11,PUEBLA,21,1,0,0,2,0,1,0,5,2,1,0,0,5,227,0,21,2,3,15,0,34,0,1,0,0,0,2,7
2017-11,QUERÉTARO,22,0,4,0,1,0,2,0,2,1,0,0,0,3,71,0,10,9,2,8,0,20,0,1,1,0,2,38,4
2017-11,QUINTANA ROO,23,1,9,2,2,0,6,5,12,9,0,34,3,2,57,0,11,7,1,0,0,13,0,1,0,0,0,2,10
2017-11,SAN LUIS POTOSÍ,24,10,3,0,0,0,4,0,5,2,0,1,0,3,109,0,5,2,0,5,0,35,0,0,0,0,0,1,5
2017-11,SINALOA,25,0,11,0,0,0,14,11,7,2,5,0,0,2,175,2,7,12,3,2,0,41,0,1,0,0,0,0,5
2017-11,SONORA,26,5,2,0,1,0,10,17,10,3,0,35,0,2,100,1,9,24,0,2,0,45,1,15,0,0,1,0,7
2017-11,TABASCO,27,0,0,0,0,0,0,0,1,0,0,1,0,3,43,1,17,3,10,6,0,24,4,3,0,0,0,1,7
2017-11,TAMAULIPAS,28,0,0,0,0,0,27,0,15,0,4,1,0,0,139,0,15,7,0,3,0,97,5,0,0,0,1,0,4
2017-11,TLAXCALA,29,0,0,0,0,0,0,0,1,6,0,0,3,2,66,0,4,2,6,5,0,7,0,1,0,0,0,1,5
2017-11,VERACRUZ,30,1,0,0,0,0,0,0,16,5,1,0,0,5,765,0,24,13,0,12,0,27,7,1,0,0,0,1,9
2017-11,YUCATÁN,31,0,2,0,3,0,0,0,7,4,0,0,4,3,7,0,1,1,0,2,0,3,0,0,0,0,0,0,4
2017-11,ZACATECAS,32,0,3,0,0,0,2,1,4,1,0,0,1,2,9,0,2,7,0,6,0,20,0,0,0,0,0,0,6
2017-11,EXTRANJERO,33,0,0,0,0,0,0,0,0,0,0,0,0,1,3,0,1,0,0,0,0,0,0,0,0,0,0,0,2
2017-12,AGUASCALIENTES,1,0,4,1,1,0,7,0,0,1,0,0,0,2,4,0,2,2,2,2,0,14,0,1,0,0,0,0,3
2017-12,BAJA CALIFORNIA,2,0,10,4,21,0,5,2,5,4,0,1,0,9,137,0,14,4,1,0,0,100,0,7,2,0,0,3,7
2017-12,BAJA CALIFORNIA SUR,3,0,3,0,0,0,1,1,6,0,1,0,0,4,23,0,3,2,0,1,0,4,1,0,0,0,0,7,1
2017-12,CAMPECHE,4,0,1,0,0,0,2,0,4,7,0,0,1,1,39,0,15,4,0,4,0,4,1,0,0,0,0,0,3
2017-12,COAHUILA,5,1,2,0,1,0,11,1,2,1,0,21,0,1,8,0,29,13,0,0,0,12,0,0,0,1,0,0,17
2017-12,COLIMA,6,0,0,0,0,0,2,2,7,0,0,0,0,1,5,0,2,3,6,2,0,18,0,0,0,0,0,0,1
2017-12,CHIAPAS,7,0,2,1,1,0,0,1,10,7,0,0,0,8,43,0,9,5,0,20,0,13,4,3,1,0,0,1,3
2017-12,CHIHUAHUA,8,2,4,0,0,0,16,0,5,4,1,2,0,0,47,1,13,21,0,1,0,61,0,3,1,1,0,4,5
2017-12,CIUDAD DE MÉXICO ,9,21,1,0,1,0,7,4,50,3,2,5,3,80,353,0,132,22,35,1,0,83,1,2,1,0,1,667,46
2017-12,DURANGO,10,1,1,0,3,0,7,3,4,1,3,0,1,5,69,1,8,9,0,0,0,8,0,0,0,0,0,1,8
2017-12,GUANAJUATO,11,0,0,0,0,0,5,1,1,1,0,0,2,5,244,0,24,6,6,2,0,64,0,0,1,0,1,4,6
2017-12,GUERRERO,12,0,3,0,2,0,3,12,5,3,1,1,0,1,11,0,11,7,0,5,0,30,0,0,0,2,1,0,3
2017-12,HIDALGO,13,1,0,0,1,0,1,0,1,1,1,0,0,1,113,0,9,1,1,3,0,14,1,0,0,0,0,0,1
2017-12,JALISCO,14,1,11,2,2,0,19,10,9,0,0,3,1,4,210,0,55,17,4,3,1,55,0,3,3,0,0,2,30
2017-12,ESTADO DE MÉXICO ,15,1,0,0,0,0,5,4,16,1,6,149,2,5,396,1,21,11,5,23,0,56,1,2,0,0,0,11,22
2017-12,MICHOACÁN,16,2,3,0,0,0,15,2,13,5,3,1,0,8,26,0,2,12,0,5,0,98,0,11,0,0,0,1,2
2017-12,MORELOS,17,0,0,0,1,0,2,0,9,1,1,0,0,4,78,1,5,3,0,11,0,23,0,0,0,0,0,0,3
2017-12,NAYARIT,18,2,1,0,0,0,0,0,1,1,0,0,1,0,5,0,1,4,0,1,0,8,0,0,0,0,0,0,3
2017-12,NUEVO LEÓN,19,0,1,1,2,0,8,0,11,3,1,0,0,4,211,0,10,9,10,6,0,22,6,0,0,0,1,2,17
2017-12,OAXACA,20,1,1,0,1,0,0,1,3,4,3,1,0,1,62,0,17,6,0,71,0,27,2,0,1,0,1,0,18
2017-12,PUEBLA,21,3,0,0,0,0,2,0,2,4,0,0,0,1,192,1,15,15,0,6,0,32,1,2,1,0,0,2,8
2017-12,QUERÉTARO,22,0,2,0,0,0,6,0,2,0,0,0,0,2,58,0,10,6,1,8,0,25,0,1,0,0,0,34,7
2017-12,QUINTANA ROO,23,0,3,2,0,0,3,1,5,4,0,1,2,6,29,1,5,15,1,1,0,13,1,8,0,0,0,1,12
2017-12,SAN LUIS POTOSÍ,24,0,17,0,0,0,2,0,4,1,0,0,0,2,91,0,5,1,0,8,0,24,0,0,0,0,0,0,3
2017-12,SINALOA,25,0,8,0,0,0,13,2,4,1,1,0,1,2,103,0,18,6,3,2,0,48,0,1,0,0,1,1,2
2017-12,SONORA,26,0,7,0,0,0,30,1,2,2,1,0,0,5,96,0,12,16,1,1,0,43,1,21,0,0,0,0,10
2017-12,TABASCO,27,0,0,0,0,0,1,0,3,2,0,0,0,1,32,0,8,0,2,13,0,8,2,2,0,0,1,0,11
2017-12,TAMAULIPAS,28,0,0,0,0,0,21,0,12,0,4,0,0,1,67,0,19,13,0,0,0,93,1,0,1,0,3,3,5
2017-12,TLAXCALA,29,0,0,0,0,0,0,0,2,0,0,1,1,1,33,0,1,3,1,2,0,6,0,1,0,0,0,0,3
2017-12,VERACRUZ,30,0,1,0,0,0,0,2,15,7,1,4,0,6,281,0,8,12,0,10,0,23,4,0,0,1,1,1,13
2017-12,YUCATÁN,31,0,3,0,0,1,2,0,1,4,0,0,3,0,26,0,27,1,0,4,0,3,0,0,0,0,0,1,6
2017-12,ZACATECAS,32,3,4,0,1,0,2,0,1,0,0,1,1,0,11,0,1,5,0,5,0,28,1,0,0,0,0,0,2
2017-12,EXTRANJERO,33,0,0,0,0,0,0,0,0,0,0,0,0,0,0,0,0,0,0,0,0,0,0,0,0,0,1,0,0